set_num,name,year,theme_id,num_parts,set_img_url,set_url
77006-1,Team Sonic Command Truck,2025,747,747,https://cdn.rebrickable.com/media/sets/77006-1/156212.jpg,https://rebrickable.com/sets/77006-1/team-sonic-command-truck/
910046-1,Merchant Boat,2025,719,2196,https://cdn.rebrickable.com/media/sets/910046-1/151196.jpg,https://rebrickable.com/sets/910046-1/merchant-boat/
42213-1,Ford Bronco SUV,2025,1,943,https://cdn.rebrickable.com/media/sets/42213-1/155239.jpg,https://rebrickable.com/sets/42213-1/ford-bronco-suv/
42206-1,Oracle Red Bull Racing RB20 F1 Car,2025,1,1639,https://cdn.rebrickable.com/media/sets/42206-1/148445.jpg,https://rebrickable.com/sets/42206-1/oracle-red-bull-racing-rb20-f1-car/
31217-1,Tiger,2025,709,744,https://cdn.rebrickable.com/media/sets/31217-1/154688.jpg,https://rebrickable.com/sets/31217-1/tiger/
40796-1,Revenge of the Sith Heroes & Villains,2025,610,656,https://cdn.rebrickable.com/media/sets/40796-1/154284.jpg,https://rebrickable.com/sets/40796-1/revenge-of-the-sith-heroes-villains/
76322-1,Avengers: Endgame Thor vs. Chitauri,2025,781,373,https://cdn.rebrickable.com/media/sets/76322-1/155256.jpg,https://rebrickable.com/sets/76322-1/avengers-endgame-thor-vs-chitauri/
60462-1,"Helicopter, Fire Truck & Submarine Remix",2025,52,876,https://cdn.rebrickable.com/media/sets/60462-1/149896.jpg,https://rebrickable.com/sets/60462-1/helicopter-fire-truck-submarine-remix/
910048-1,Riverside Scholars,2025,719,2785,https://cdn.rebrickable.com/media/sets/910048-1/151198.jpg,https://rebrickable.com/sets/910048-1/riverside-scholars/
60460-1,No Limits: Race Car Ramp Track,2025,52,436,https://cdn.rebrickable.com/media/sets/60460-1/149882.jpg,https://rebrickable.com/sets/60460-1/no-limits-race-car-ramp-track/
75417-1,AT-ST Walker,2025,171,1513,https://cdn.rebrickable.com/media/sets/75417-1/158623.jpg,https://rebrickable.com/sets/75417-1/at-st-walker/
71830-1,Kai's Mech Storm Rider,2025,435,333,https://cdn.rebrickable.com/media/sets/71830-1/149503.jpg,https://rebrickable.com/sets/71830-1/kais-mech-storm-rider/
60467-1,Heavy-Duty Recovery Tow Truck with Crane,2025,56,793,https://cdn.rebrickable.com/media/sets/60467-1/155539.jpg,https://rebrickable.com/sets/60467-1/heavy-duty-recovery-tow-truck-with-crane/
76313-1,MARVEL Logo,2025,781,931,https://cdn.rebrickable.com/media/sets/76313-1/148832.jpg,https://rebrickable.com/sets/76313-1/marvel-logo/
31163-1,Playful Cat,2025,672,407,https://cdn.rebrickable.com/media/sets/31163-1/149717.jpg,https://rebrickable.com/sets/31163-1/playful-cat/
40825-1,Halloween Wreath,2025,230,617,https://cdn.rebrickable.com/media/sets/40825-1/158588.jpg,https://rebrickable.com/sets/40825-1/halloween-wreath/
77076-1,Durrr Burger Restaurant,2025,766,546,https://cdn.rebrickable.com/media/sets/77076-1/154757.jpg,https://rebrickable.com/sets/77076-1/durrr-burger-restaurant/
10374-1,Bouquet of Pink Roses,2025,769,789,https://cdn.rebrickable.com/media/sets/10374-1/159225.jpg,https://rebrickable.com/sets/10374-1/bouquet-of-pink-roses/
42201-1,Deep-Sea Research Submarine,2025,1,413,https://cdn.rebrickable.com/media/sets/42201-1/149542.jpg,https://rebrickable.com/sets/42201-1/deep-sea-research-submarine/
42215-1,Volvo EC500 Hybrid Excavator,2025,1,2359,https://cdn.rebrickable.com/media/sets/42215-1/155221.jpg,https://rebrickable.com/sets/42215-1/volvo-ec500-hybrid-excavator/
76451-1,Privet Drive: Aunt Marge's Visit,2025,246,640,https://cdn.rebrickable.com/media/sets/76451-1/155721.jpg,https://rebrickable.com/sets/76451-1/privet-drive-aunt-marges-visit/
76457-1,Hogsmeade Village – Collectors' Edition,2025,246,3228,https://cdn.rebrickable.com/media/sets/76457-1/160018.jpg,https://rebrickable.com/sets/76457-1/hogsmeade-village-collectors-edition/
76446-1,Knight Bus Adventure,2025,246,499,https://cdn.rebrickable.com/media/sets/76446-1/148671.jpg,https://rebrickable.com/sets/76446-1/knight-bus-adventure/
42208-1,Aston Martin Valkyrie,2025,1,708,https://cdn.rebrickable.com/media/sets/42208-1/155173.jpg,https://rebrickable.com/sets/42208-1/aston-martin-valkyrie/
76321-1,Spider-Man vs. Doc Ock Subway Train Scene,2025,706,393,https://cdn.rebrickable.com/media/sets/76321-1/155041.jpg,https://rebrickable.com/sets/76321-1/spider-man-vs-doc-ock-subway-train-scene/
71843-1,Rogue's Mech Dragon Rider,2025,435,584,https://cdn.rebrickable.com/media/sets/71843-1/155606.jpg,https://rebrickable.com/sets/71843-1/rogues-mech-dragon-rider/
43010-1,Nike Slam Dunk,2025,785,809,https://cdn.rebrickable.com/media/sets/43010-1/159982.jpg,https://rebrickable.com/sets/43010-1/nike-slam-dunk/
71845-1,Lloyd’s Jet Mech,2025,435,1112,https://cdn.rebrickable.com/media/sets/71845-1/155633.jpg,https://rebrickable.com/sets/71845-1/lloyds-jet-mech/
40785-1,Northern Lights Diorama,2025,598,332,https://cdn.rebrickable.com/media/sets/40785-1/161512.jpg,https://rebrickable.com/sets/40785-1/northern-lights-diorama/
40810-1,LEGOLAND Park Portal,2025,425,323,https://cdn.rebrickable.com/media/sets/40810-1/153592.jpg,https://rebrickable.com/sets/40810-1/legoland-park-portal/
42652-1,Friendship Tree House Hangout,2025,494,701,https://cdn.rebrickable.com/media/sets/42652-1/149191.jpg,https://rebrickable.com/sets/42652-1/friendship-tree-house-hangout/
76447-1,Hogwarts Castle: Flying Lessons,2025,246,649,https://cdn.rebrickable.com/media/sets/76447-1/148683.jpg,https://rebrickable.com/sets/76447-1/hogwarts-castle-flying-lessons/
76454-1,Hogwarts Castle: The Main Tower,2025,246,2131,https://cdn.rebrickable.com/media/sets/76454-1/155297.jpg,https://rebrickable.com/sets/76454-1/hogwarts-castle-the-main-tower/
72044-1,Mario Kart – Piranha Plant Power-Up Pursuit,2025,690,588,https://cdn.rebrickable.com/media/sets/72044-1/158487.jpg,https://rebrickable.com/sets/72044-1/mario-kart-piranha-plant-power-up-pursuit/
76968-1,Dinosaur Fossils: Tyrannosaurus Rex,2025,602,3145,https://cdn.rebrickable.com/media/sets/76968-1/152803.jpg,https://rebrickable.com/sets/76968-1/dinosaur-fossils-tyrannosaurus-rex/
75690-1,Glinda & Elphaba Visit Munchkinland,2025,765,744,https://cdn.rebrickable.com/media/sets/75690-1/159045.jpg,https://rebrickable.com/sets/75690-1/glinda-elphaba-visit-munchkinland/
76786-1,Morticia's Cottage,2025,768,1002,https://cdn.rebrickable.com/media/sets/76786-1/159843.jpg,https://rebrickable.com/sets/76786-1/morticias-cottage/
75416-1,Chopper (C1-10P) Astromech Droid,2025,158,1039,https://cdn.rebrickable.com/media/sets/75416-1/154252.jpg,https://rebrickable.com/sets/75416-1/chopper-c1-10p-astromech-droid/
21272-1,Woodland Mansion Fighting Ring,2025,577,491,https://cdn.rebrickable.com/media/sets/21272-1/151821.jpg,https://rebrickable.com/sets/21272-1/woodland-mansion-fighting-ring/
43272-1,Heihei,2025,608,566,https://cdn.rebrickable.com/media/sets/43272-1/148590.jpg,https://rebrickable.com/sets/43272-1/heihei/
910041-1,Camping Adventure,2025,719,667,https://cdn.rebrickable.com/media/sets/910041-1/145355.jpg,https://rebrickable.com/sets/910041-1/camping-adventure/
42207-1,Ferrari SF-24 F1 Car,2025,1,1361,https://cdn.rebrickable.com/media/sets/42207-1/148295.jpg,https://rebrickable.com/sets/42207-1/ferrari-sf-24-f1-car/
76326-1,Iron Spider-Man Bust,2025,781,379,https://cdn.rebrickable.com/media/sets/76326-1/154065.jpg,https://rebrickable.com/sets/76326-1/iron-spider-man-bust/
43277-1,Cruella De Vil's Car,2025,608,378,https://cdn.rebrickable.com/media/sets/43277-1/157124.jpg,https://rebrickable.com/sets/43277-1/cruella-de-vils-car/
75689-1,Emerald City & Kiamo Ko Castle,2025,765,860,https://cdn.rebrickable.com/media/sets/75689-1/159036.jpg,https://rebrickable.com/sets/75689-1/emerald-city-kiamo-ko-castle/
76784-1,Black Dahlia Flower,2025,768,358,https://cdn.rebrickable.com/media/sets/76784-1/155096.jpg,https://rebrickable.com/sets/76784-1/black-dahlia-flower/
43267-1,Princess Castle & Royal Pets,2025,579,787,https://cdn.rebrickable.com/media/sets/43267-1/155491.jpg,https://rebrickable.com/sets/43267-1/princess-castle-royal-pets/
75688-1,Glinda’s Wedding Day,2025,765,476,https://cdn.rebrickable.com/media/sets/75688-1/159064.jpg,https://rebrickable.com/sets/75688-1/glindas-wedding-day/
43263-1,Beauty and the Beast Castle,2025,608,2916,https://cdn.rebrickable.com/media/sets/43263-1/153120.jpg,https://rebrickable.com/sets/43263-1/beauty-and-the-beast-castle/
76445-1,Hogwarts Castle: Herbology Class,2025,246,390,https://cdn.rebrickable.com/media/sets/76445-1/155680.jpg,https://rebrickable.com/sets/76445-1/hogwarts-castle-herbology-class/
42202-1,Ducati Panigale V4 S Motorcycle,2025,1,1603,https://cdn.rebrickable.com/media/sets/42202-1/148354.jpg,https://rebrickable.com/sets/42202-1/ducati-panigale-v4-s-motorcycle/
80119-1,Galloping Horse Canvas,2025,686,1650,https://cdn.rebrickable.com/media/sets/80119-1/162983.jpg,https://rebrickable.com/sets/80119-1/galloping-horse-canvas/
43008-1,Nike Dunk,2025,785,1180,https://cdn.rebrickable.com/media/sets/43008-1/157061.jpg,https://rebrickable.com/sets/43008-1/nike-dunk/
71841-1,Dragonian Storm Village,2025,435,305,https://cdn.rebrickable.com/media/sets/71841-1/149504.jpg,https://rebrickable.com/sets/71841-1/dragonian-storm-village/
60446-1,Modular Galactic Spaceship,2025,793,717,https://cdn.rebrickable.com/media/sets/60446-1/149799.jpg,https://rebrickable.com/sets/60446-1/modular-galactic-spaceship/
21363-1,The Goonies,2025,576,2914,https://cdn.rebrickable.com/media/sets/21363-1/162483.jpg,https://rebrickable.com/sets/21363-1/the-goonies/
60466-1,Yellow Bulldozer,2025,56,682,https://cdn.rebrickable.com/media/sets/60466-1/155528.jpg,https://rebrickable.com/sets/60466-1/yellow-bulldozer/
4000046-1,LEGO Inside Tour Anniversary Collection,2025,599,1912,https://cdn.rebrickable.com/media/sets/4000046-1/158075.jpg,https://rebrickable.com/sets/4000046-1/lego-inside-tour-anniversary-collection/
75415-1,Kylo Ren Helmet,2025,158,529,https://cdn.rebrickable.com/media/sets/75415-1/154233.jpg,https://rebrickable.com/sets/75415-1/kylo-ren-helmet/
60454-1,Holiday Adventure Camper Van,2025,63,385,https://cdn.rebrickable.com/media/sets/60454-1/149851.jpg,https://rebrickable.com/sets/60454-1/holiday-adventure-camper-van/
910053-1,The Thieves of Tortuga,2025,719,4002,https://cdn.rebrickable.com/media/sets/910053-1/155049.jpg,https://rebrickable.com/sets/910053-1/the-thieves-of-tortuga/
77241-1,2 Fast 2 Furious Honda S2000,2025,601,307,https://cdn.rebrickable.com/media/sets/77241-1/153656.jpg,https://rebrickable.com/sets/77241-1/2-fast-2-furious-honda-s2000/
21276-1,The Creeper,2025,577,665,https://cdn.rebrickable.com/media/sets/21276-1/155361.jpg,https://rebrickable.com/sets/21276-1/the-creeper/
10360-1,Shuttle Carrier Aircraft,2025,721,2417,https://cdn.rebrickable.com/media/sets/10360-1/155899.jpg,https://rebrickable.com/sets/10360-1/shuttle-carrier-aircraft/
71837-1,NINJAGO City Workshops,2025,435,3247,https://cdn.rebrickable.com/media/sets/71837-1/152123.jpg,https://rebrickable.com/sets/71837-1/ninjago-city-workshops/
43279-1,WALL-E and EVE,2025,608,811,https://cdn.rebrickable.com/media/sets/43279-1/159700.jpg,https://rebrickable.com/sets/43279-1/wall-e-and-eve/
41843-1,Family Christmas Tree Decoration,2025,227,3171,https://cdn.rebrickable.com/media/sets/41843-1/161075.jpg,https://rebrickable.com/sets/41843-1/family-christmas-tree-decoration/
60471-1,Arctic Explorer Science Lab Truck,2025,65,1064,https://cdn.rebrickable.com/media/sets/60471-1/155559.jpg,https://rebrickable.com/sets/60471-1/arctic-explorer-science-lab-truck/
31171-1,Wild Animals: Majestic Rhino with Birds,2025,672,780,https://cdn.rebrickable.com/media/sets/31171-1/158535.jpg,https://rebrickable.com/sets/31171-1/wild-animals-majestic-rhino-with-birds/
21279-1,The Enderman Tower,2025,577,867,https://cdn.rebrickable.com/media/sets/21279-1/155438.jpg,https://rebrickable.com/sets/21279-1/the-enderman-tower/
10365-1,Captain Jack Sparrow's Pirate Ship,2025,721,2862,https://cdn.rebrickable.com/media/sets/10365-1/160290.jpg,https://rebrickable.com/sets/10365-1/captain-jack-sparrows-pirate-ship/
31215-1,Vincent van Gogh – Sunflowers,2025,709,2615,https://cdn.rebrickable.com/media/sets/31215-1/151802.jpg,https://rebrickable.com/sets/31215-1/vincent-van-gogh-sunflowers/
21361-1,Gremlins: Gizmo,2025,576,1125,https://cdn.rebrickable.com/media/sets/21361-1/160370.jpg,https://rebrickable.com/sets/21361-1/gremlins-gizmo/
910051-1,Mushroom Village,2025,719,2437,https://cdn.rebrickable.com/media/sets/910051-1/155047.jpg,https://rebrickable.com/sets/910051-1/mushroom-village/
42212-1,Ferrari FXX K,2025,1,897,https://cdn.rebrickable.com/media/sets/42212-1/154996.jpg,https://rebrickable.com/sets/42212-1/ferrari-fxx-k/
42211-1,Lunar Outpost Moon Rover Space Vehicle,2025,1,1082,https://cdn.rebrickable.com/media/sets/42211-1/155234.jpg,https://rebrickable.com/sets/42211-1/lunar-outpost-moon-rover-space-vehicle/
10358-1,Transformers: Soundwave,2025,721,1505,https://cdn.rebrickable.com/media/sets/10358-1/158842.jpg,https://rebrickable.com/sets/10358-1/transformers-soundwave/
910049-1,Adventure in Transylvania,2025,719,4060,https://cdn.rebrickable.com/media/sets/910049-1/155045.jpg,https://rebrickable.com/sets/910049-1/adventure-in-transylvania/
76785-1,Thing's Apartment,2025,768,828,https://cdn.rebrickable.com/media/sets/76785-1/159849.jpg,https://rebrickable.com/sets/76785-1/things-apartment/
76329-1,Miles Morales' Mask,2025,706,487,https://cdn.rebrickable.com/media/sets/76329-1/157120.jpg,https://rebrickable.com/sets/76329-1/miles-morales-mask/
75414-1,The Force Burner Snowspeeder,2025,158,349,https://cdn.rebrickable.com/media/sets/75414-1/158301.jpg,https://rebrickable.com/sets/75414-1/the-force-burner-snowspeeder/
76317-1,Peter Parker’s Apartment,2025,706,402,https://cdn.rebrickable.com/media/sets/76317-1/155155.jpg,https://rebrickable.com/sets/76317-1/peter-parkers-apartment/
10355-1,Blacktron Renegade,2025,721,1151,https://cdn.rebrickable.com/media/sets/10355-1/150081.jpg,https://rebrickable.com/sets/10355-1/blacktron-renegade/
10357-1,Shelby Cobra 427 S/C,2025,721,1248,https://cdn.rebrickable.com/media/sets/10357-1/157798.jpg,https://rebrickable.com/sets/10357-1/shelby-cobra-427-sc/
4002025-1,Toy Store,2025,599,1769,https://cdn.rebrickable.com/media/sets/4002025-1/165557.jpg,https://rebrickable.com/sets/4002025-1/toy-store/
60465-1,Emergency Air Ambulance Airplane,2025,60,403,https://cdn.rebrickable.com/media/sets/60465-1/155523.jpg,https://rebrickable.com/sets/60465-1/emergency-air-ambulance-airplane/
80066-1,Mythical Creature Qilin,2025,693,791,https://cdn.rebrickable.com/media/sets/80066-1/147446.jpg,https://rebrickable.com/sets/80066-1/mythical-creature-qilin/
76453-1,Malfoy Manor,2025,246,1602,https://cdn.rebrickable.com/media/sets/76453-1/148729.jpg,https://rebrickable.com/sets/76453-1/malfoy-manor/
76443-1,Hagrid & Harry's Motorcycle Ride,2025,246,617,https://cdn.rebrickable.com/media/sets/76443-1/148686.jpg,https://rebrickable.com/sets/76443-1/hagrid-harrys-motorcycle-ride/
10361-1,Holiday Express Train,2025,227,956,https://cdn.rebrickable.com/media/sets/10361-1/161069.jpg,https://rebrickable.com/sets/10361-1/holiday-express-train/
43258-1,Kakamora Barge,2025,608,579,https://cdn.rebrickable.com/media/sets/43258-1/153025.jpg,https://rebrickable.com/sets/43258-1/kakamora-barge/
42214-1,Lamborghini Revuelto Super Sports Car,2025,1,1135,https://cdn.rebrickable.com/media/sets/42214-1/155163.jpg,https://rebrickable.com/sets/42214-1/lamborghini-revuelto-super-sports-car/
45655-1,Replacement Pack for Middle School,2025,507,381,https://cdn.rebrickable.com/media/sets/45655-1/159201.jpg,https://rebrickable.com/sets/45655-1/replacement-pack-for-middle-school/
21357-1,Disney Pixar Luxo Jr.,2025,576,613,https://cdn.rebrickable.com/media/sets/21357-1/156452.jpg,https://rebrickable.com/sets/21357-1/disney-pixar-luxo-jr/
21280-1,Minecraft Advent Calendar 2025,2025,207,300,https://cdn.rebrickable.com/media/sets/21280-1/155113.jpg,https://rebrickable.com/sets/21280-1/minecraft-advent-calendar-2025/
45654-1,Replacement Pack for Elementary School,2025,507,350,https://cdn.rebrickable.com/media/sets/45654-1/158293.jpg,https://rebrickable.com/sets/45654-1/replacement-pack-for-elementary-school/
71497-1,Cooper's Tiger Mech & Zero's Hot Rod Car,2025,749,1006,https://cdn.rebrickable.com/media/sets/71497-1/149965.jpg,https://rebrickable.com/sets/71497-1/coopers-tiger-mech-zeros-hot-rod-car/
10345-1,Flower Arrangement,2025,769,1163,https://cdn.rebrickable.com/media/sets/10345-1/147718.jpg,https://rebrickable.com/sets/10345-1/flower-arrangement/
71491-1,Mateo and the Z-Blob Action Race Car,2025,749,485,https://cdn.rebrickable.com/media/sets/71491-1/149918.jpg,https://rebrickable.com/sets/71491-1/mateo-and-the-z-blob-action-race-car/
71834-1,Zane's Ultra Combiner Mech,2025,435,1187,https://cdn.rebrickable.com/media/sets/71834-1/149271.jpg,https://rebrickable.com/sets/71834-1/zanes-ultra-combiner-mech/
71848-1,The Temple Bounty,2025,435,2388,https://cdn.rebrickable.com/media/sets/71848-1/155640.jpg,https://rebrickable.com/sets/71848-1/the-temple-bounty/
71833-1,Ras and Arin's Super Storm Jet,2025,435,510,https://cdn.rebrickable.com/media/sets/71833-1/149519.jpg,https://rebrickable.com/sets/71833-1/ras-and-arins-super-storm-jet/
40864-1,Fortune Master,2025,686,386,https://cdn.rebrickable.com/media/sets/40864-1/163062.jpg,https://rebrickable.com/sets/40864-1/fortune-master/
42674-1,Comic Book and Game Store,2025,494,1005,https://cdn.rebrickable.com/media/sets/42674-1/156105.jpg,https://rebrickable.com/sets/42674-1/comic-book-and-game-store/
72042-1,Prince Florian & Castle Bowser,2025,690,1251,https://cdn.rebrickable.com/media/sets/72042-1/156865.jpg,https://rebrickable.com/sets/72042-1/prince-florian-castle-bowser/
910042-1,Lost City,2025,719,3506,https://cdn.rebrickable.com/media/sets/910042-1/145363.jpg,https://rebrickable.com/sets/910042-1/lost-city/
77057-1,Creative Houses: Seasons of Fun,2025,752,814,https://cdn.rebrickable.com/media/sets/77057-1/156217.jpg,https://rebrickable.com/sets/77057-1/creative-houses-seasons-of-fun/
71832-1,Thunderfang Dragon of Chaos,2025,435,670,https://cdn.rebrickable.com/media/sets/71832-1/150748.jpg,https://rebrickable.com/sets/71832-1/thunderfang-dragon-of-chaos/
60444-1,F1 Garage & Mercedes-AMG & Alpine Cars,2025,52,686,https://cdn.rebrickable.com/media/sets/60444-1/149134.jpg,https://rebrickable.com/sets/60444-1/f1-garage-mercedes-amg-alpine-cars/
75405-1,Home One Starcruiser,2025,158,559,https://cdn.rebrickable.com/media/sets/75405-1/148910.jpg,https://rebrickable.com/sets/75405-1/home-one-starcruiser/
21362-1,Mineral Collection,2025,576,880,https://cdn.rebrickable.com/media/sets/21362-1/160902.jpg,https://rebrickable.com/sets/21362-1/mineral-collection/
75406-1,Kylo Ren's Command Shuttle,2025,158,387,https://cdn.rebrickable.com/media/sets/75406-1/154241.jpg,https://rebrickable.com/sets/75406-1/kylo-rens-command-shuttle/
910043-1,Forest Stronghold,2025,719,3396,https://cdn.rebrickable.com/media/sets/910043-1/145373.jpg,https://rebrickable.com/sets/910043-1/forest-stronghold/
31162-1,Cute Bunny,2025,672,326,https://cdn.rebrickable.com/media/sets/31162-1/149711.jpg,https://rebrickable.com/sets/31162-1/cute-bunny/
31175-1,Unicorn Castle,2025,672,390,https://cdn.rebrickable.com/media/sets/31175-1/155146.jpg,https://rebrickable.com/sets/31175-1/unicorn-castle/
40794-1,Elphaba & Glinda Figures,2025,610,325,https://cdn.rebrickable.com/media/sets/40794-1/159100.jpg,https://rebrickable.com/sets/40794-1/elphaba-glinda-figures/
75408-1,Jango Fett Helmet,2025,158,616,https://cdn.rebrickable.com/media/sets/75408-1/154261.jpg,https://rebrickable.com/sets/75408-1/jango-fett-helmet/
42209-1,Volvo L120 Electric Wheel Loader,2025,1,973,https://cdn.rebrickable.com/media/sets/42209-1/155194.jpg,https://rebrickable.com/sets/42209-1/volvo-l120-electric-wheel-loader/
40814-1,Baby Elephant in the Sky,2025,301,402,https://cdn.rebrickable.com/media/sets/40814-1/155452.jpg,https://rebrickable.com/sets/40814-1/baby-elephant-in-the-sky/
80118-1,Fortune Firecracker,2025,686,1039,https://cdn.rebrickable.com/media/sets/80118-1/162977.jpg,https://rebrickable.com/sets/80118-1/fortune-firecracker/
40819-1,Up-Scaled Racing Driver Minifigure,2025,301,694,https://cdn.rebrickable.com/media/sets/40819-1/151938.jpg,https://rebrickable.com/sets/40819-1/up-scaled-racing-driver-minifigure/
21278-1,The Pillager Outpost and Ravager,2025,577,665,https://cdn.rebrickable.com/media/sets/21278-1/155415.jpg,https://rebrickable.com/sets/21278-1/the-pillager-outpost-and-ravager/
10352-1,The Simpsons: Krusty Burger,2025,721,1635,https://cdn.rebrickable.com/media/sets/10352-1/156612.jpg,https://rebrickable.com/sets/10352-1/the-simpsons-krusty-burger/
21359-1,Italian Riviera,2025,576,3252,https://cdn.rebrickable.com/media/sets/21359-1/158935.jpg,https://rebrickable.com/sets/21359-1/italian-riviera/
75413-1,Republic Juggernaut,2025,158,816,https://cdn.rebrickable.com/media/sets/75413-1/158298.jpg,https://rebrickable.com/sets/75413-1/republic-juggernaut/
11040-1,Magical Transparent Box,2025,621,340,https://cdn.rebrickable.com/media/sets/11040-1/149629.jpg,https://rebrickable.com/sets/11040-1/magical-transparent-box/
42203-1,Tipping Dump Truck,2025,1,462,https://cdn.rebrickable.com/media/sets/42203-1/148569.jpg,https://rebrickable.com/sets/42203-1/tipping-dump-truck/
21273-1,The Ghast Balloon Village Attack,2025,577,555,https://cdn.rebrickable.com/media/sets/21273-1/151816.jpg,https://rebrickable.com/sets/21273-1/the-ghast-balloon-village-attack/
72038-1,Mario Kart – Wario & King Boo,2025,690,512,https://cdn.rebrickable.com/media/sets/72038-1/156882.jpg,https://rebrickable.com/sets/72038-1/mario-kart-wario-king-boo/
76323-1,Avengers: Endgame Final Battle,2025,781,621,https://cdn.rebrickable.com/media/sets/76323-1/154085.jpg,https://rebrickable.com/sets/76323-1/avengers-endgame-final-battle/
42217-1,Chevrolet Corvette Stingray Blue,2025,1,732,https://cdn.rebrickable.com/media/sets/42217-1/155472.jpg,https://rebrickable.com/sets/42217-1/chevrolet-corvette-stingray-blue/
76450-1,Book Nook: Hogwarts Express,2025,246,832,https://cdn.rebrickable.com/media/sets/76450-1/155320.jpg,https://rebrickable.com/sets/76450-1/book-nook-hogwarts-express/
77077-1,Klombo,2025,766,1084,https://cdn.rebrickable.com/media/sets/77077-1/154745.jpg,https://rebrickable.com/sets/77077-1/klombo/
75432-1,V-19 Torrent Starfighter,2025,158,567,https://cdn.rebrickable.com/media/sets/75432-1/158475.jpg,https://rebrickable.com/sets/75432-1/v-19-torrent-starfighter/
21063-1,Neuschwanstein Castle,2025,252,3455,https://cdn.rebrickable.com/media/sets/21063-1/158219.jpg,https://rebrickable.com/sets/21063-1/neuschwanstein-castle/
4000043-1,Vietnam 2025 Factory,2025,599,346,https://cdn.rebrickable.com/media/sets/4000043-1/154164.jpg,https://rebrickable.com/sets/4000043-1/vietnam-2025-factory/
71842-1,Rontu the Master Dragon,2025,435,381,https://cdn.rebrickable.com/media/sets/71842-1/155601.jpg,https://rebrickable.com/sets/71842-1/rontu-the-master-dragon/
910047-1,Medieval Seaside Market,2025,719,2560,https://cdn.rebrickable.com/media/sets/910047-1/151197.jpg,https://rebrickable.com/sets/910047-1/medieval-seaside-market/
76304-1,Batman Forever Batmobile,2025,697,909,https://cdn.rebrickable.com/media/sets/76304-1/155205.jpg,https://rebrickable.com/sets/76304-1/batman-forever-batmobile/
40801-1,"Mike, Dustin, Lucas and Will Figures",2025,610,542,https://cdn.rebrickable.com/media/sets/40801-1/159056.jpg,https://rebrickable.com/sets/40801-1/mike-dustin-lucas-and-will-figures/
71494-1,Zoey's Time Owl,2025,749,359,https://cdn.rebrickable.com/media/sets/71494-1/156160.jpg,https://rebrickable.com/sets/71494-1/zoeys-time-owl/
10363-1,Leonardo da Vinci's Flying Machine,2025,721,493,https://cdn.rebrickable.com/media/sets/10363-1/148383.jpg,https://rebrickable.com/sets/10363-1/leonardo-da-vincis-flying-machine/
71500-1,Nightmare Shark Submarine,2025,749,1413,https://cdn.rebrickable.com/media/sets/71500-1/156178.jpg,https://rebrickable.com/sets/71500-1/nightmare-shark-submarine/
71846-1,The Fire Knight Mech,2025,435,997,https://cdn.rebrickable.com/media/sets/71846-1/155313.jpg,https://rebrickable.com/sets/71846-1/the-fire-knight-mech/
71847-1,The Guardian Dragon,2025,435,1650,https://cdn.rebrickable.com/media/sets/71847-1/155306.jpg,https://rebrickable.com/sets/71847-1/the-guardian-dragon/
10367-1,The Lord of the Rings: Balrog Book Nook,2025,721,1202,https://cdn.rebrickable.com/media/sets/10367-1/156999.jpg,https://rebrickable.com/sets/10367-1/the-lord-of-the-rings-balrog-book-nook/
45829-1,UNEARTHED Challenge Set,2025,398,1742,https://cdn.rebrickable.com/media/sets/45829-1/158829.jpg,https://rebrickable.com/sets/45829-1/unearthed-challenge-set/
45830-1,UNEARTHED Explore Set,2025,398,708,https://cdn.rebrickable.com/media/sets/45830-1/158830.jpg,https://rebrickable.com/sets/45830-1/unearthed-explore-set/
10359-1,Fountain Garden,2025,721,1302,https://cdn.rebrickable.com/media/sets/10359-1/148152.jpg,https://rebrickable.com/sets/10359-1/fountain-garden/
42671-1,Plant Café & Flower Shop,2025,494,1138,https://cdn.rebrickable.com/media/sets/42671-1/156088.jpg,https://rebrickable.com/sets/42671-1/plant-café-flower-shop/
42666-1,Cat Birthday Party & Tree House,2025,494,321,https://cdn.rebrickable.com/media/sets/42666-1/156072.jpg,https://rebrickable.com/sets/42666-1/cat-birthday-party-tree-house/
42664-1,Travel Boat Adventure,2025,494,686,https://cdn.rebrickable.com/media/sets/42664-1/156054.jpg,https://rebrickable.com/sets/42664-1/travel-boat-adventure/
76324-1,Spider-Man vs. Oscorp,2025,706,808,https://cdn.rebrickable.com/media/sets/76324-1/155258.jpg,https://rebrickable.com/sets/76324-1/spider-man-vs-oscorp/
76976-1,Spinosaurus & Quetzalcoatlus Air Mission,2025,602,984,https://cdn.rebrickable.com/media/sets/76976-1/153195.jpg,https://rebrickable.com/sets/76976-1/spinosaurus-quetzalcoatlus-air-mission/
60469-1,Central Train Station,2025,66,752,https://cdn.rebrickable.com/media/sets/60469-1/155549.jpg,https://rebrickable.com/sets/60469-1/central-train-station/
43021-1,Nike Dunk Trickshot,2025,785,454,https://cdn.rebrickable.com/media/sets/43021-1/159980.jpg,https://rebrickable.com/sets/43021-1/nike-dunk-trickshot/
31172-1,Record Player with Flowers,2025,672,366,https://cdn.rebrickable.com/media/sets/31172-1/152104.jpg,https://rebrickable.com/sets/31172-1/record-player-with-flowers/
60472-1,Scrapyard with Cars,2025,52,877,https://cdn.rebrickable.com/media/sets/60472-1/149893.jpg,https://rebrickable.com/sets/60472-1/scrapyard-with-cars/
10375-1,How to Train Your Dragon: Toothless,2025,721,784,https://cdn.rebrickable.com/media/sets/10375-1/157373.jpg,https://rebrickable.com/sets/10375-1/how-to-train-your-dragon-toothless/
40791-1,The Goblet of Fire Figures,2025,610,671,https://cdn.rebrickable.com/media/sets/40791-1/159686.jpg,https://rebrickable.com/sets/40791-1/the-goblet-of-fire-figures/
42656-1,Heartlake City Airport and Airplane,2025,494,958,https://cdn.rebrickable.com/media/sets/42656-1/149067.jpg,https://rebrickable.com/sets/42656-1/heartlake-city-airport-and-airplane/
10350-1,Tudor Corner,2025,155,3266,https://cdn.rebrickable.com/media/sets/10350-1/149051.jpg,https://rebrickable.com/sets/10350-1/tudor-corner/
910052-1,Popcorn Wagon,2025,719,594,https://cdn.rebrickable.com/media/sets/910052-1/155048.jpg,https://rebrickable.com/sets/910052-1/popcorn-wagon/
42662-1,Hair Salon and Accessories Store,2025,494,347,https://cdn.rebrickable.com/media/sets/42662-1/149415.jpg,https://rebrickable.com/sets/42662-1/hair-salon-and-accessories-store/
71495-1,Mateo vs. Cyber Brain Mech,2025,749,368,https://cdn.rebrickable.com/media/sets/71495-1/156164.jpg,https://rebrickable.com/sets/71495-1/mateo-vs-cyber-brain-mech/
11044-1,Creative Build-and-Play Box,2025,621,750,https://cdn.rebrickable.com/media/sets/11044-1/151926.jpg,https://rebrickable.com/sets/11044-1/creative-build-and-play-box/
71836-1,Arc Dragon of Focus,2025,435,872,https://cdn.rebrickable.com/media/sets/71836-1/152196.jpg,https://rebrickable.com/sets/71836-1/arc-dragon-of-focus/
71844-1,Ninja Combat Vehicle,2025,435,561,https://cdn.rebrickable.com/media/sets/71844-1/155614.jpg,https://rebrickable.com/sets/71844-1/ninja-combat-vehicle/
11203-1,Bluey’s Family House,2025,772,382,https://cdn.rebrickable.com/media/sets/11203-1/152986.jpg,https://rebrickable.com/sets/11203-1/blueys-family-house/
71499-1,Mateo's Spray Paint Truck,2025,749,929,https://cdn.rebrickable.com/media/sets/71499-1/156171.jpg,https://rebrickable.com/sets/71499-1/mateos-spray-paint-truck/
75685-1,Emerald City Wall Art,2025,765,1518,https://cdn.rebrickable.com/media/sets/75685-1/159026.jpg,https://rebrickable.com/sets/75685-1/emerald-city-wall-art/
42663-1,Friendship Camper Van Adventure,2025,494,778,https://cdn.rebrickable.com/media/sets/42663-1/149190.jpg,https://rebrickable.com/sets/42663-1/friendship-camper-van-adventure/
40806-1,Gingerbread AT-AT Walker,2025,158,697,https://cdn.rebrickable.com/media/sets/40806-1/160767.jpg,https://rebrickable.com/sets/40806-1/gingerbread-at-at-walker/
40820-1,Up-Scaled Santa Minifigure,2025,227,761,https://cdn.rebrickable.com/media/sets/40820-1/160760.jpg,https://rebrickable.com/sets/40820-1/up-scaled-santa-minifigure/
40809-1,Festive Gingerbread House,2025,227,498,https://cdn.rebrickable.com/media/sets/40809-1/160750.jpg,https://rebrickable.com/sets/40809-1/festive-gingerbread-house/
42649-1,Heartlake City Candy Store,2025,494,376,https://cdn.rebrickable.com/media/sets/42649-1/149362.jpg,https://rebrickable.com/sets/42649-1/heartlake-city-candy-store/
76316-1,Fantastic Four vs. Galactus Construction Figure,2025,696,427,https://cdn.rebrickable.com/media/sets/76316-1/156566.jpg,https://rebrickable.com/sets/76316-1/fantastic-four-vs-galactus-construction-figure/
77238-1,Lamborghini Revuelto & Huracán STO,2025,601,614,https://cdn.rebrickable.com/media/sets/77238-1/159210.jpg,https://rebrickable.com/sets/77238-1/lamborghini-revuelto-huracán-sto/
75433-1,Jango Fett's Starship,2025,158,707,https://cdn.rebrickable.com/media/sets/75433-1/158268.jpg,https://rebrickable.com/sets/75433-1/jango-fetts-starship/
31166-1,Beautiful Horse,2025,672,685,https://cdn.rebrickable.com/media/sets/31166-1/155152.jpg,https://rebrickable.com/sets/31166-1/beautiful-horse/
40506-1,LEGO Fabuland Tribute,2025,599,1026,https://cdn.rebrickable.com/media/sets/40506-1/152740.jpg,https://rebrickable.com/sets/40506-1/lego-fabuland-tribute/
43257-1,Angel,2025,608,784,https://cdn.rebrickable.com/media/sets/43257-1/155008.jpg,https://rebrickable.com/sets/43257-1/angel/
21358-1,Minifigure Vending Machine,2025,576,1343,https://cdn.rebrickable.com/media/sets/21358-1/156824.jpg,https://rebrickable.com/sets/21358-1/minifigure-vending-machine/
42198-1,Bush Plane,2025,1,333,https://cdn.rebrickable.com/media/sets/42198-1/149536.jpg,https://rebrickable.com/sets/42198-1/bush-plane/
43262-1,Maleficent's and Cruella de Vil's Dresses,2025,608,524,https://cdn.rebrickable.com/media/sets/43262-1/151613.jpg,https://rebrickable.com/sets/43262-1/maleficents-and-cruella-de-vils-dresses/
10342-1,Pretty Pink Flower Bouquet,2025,769,749,https://cdn.rebrickable.com/media/sets/10342-1/147735.jpg,https://rebrickable.com/sets/10342-1/pretty-pink-flower-bouquet/
910040-1,Harbormaster's Office,2025,719,2419,https://cdn.rebrickable.com/media/sets/910040-1/145344.jpg,https://rebrickable.com/sets/910040-1/harbormasters-office/
31174-1,Retro Telephone,2025,672,383,https://cdn.rebrickable.com/media/sets/31174-1/155105.jpg,https://rebrickable.com/sets/31174-1/retro-telephone/
42205-1,Chevrolet Corvette Stingray,2025,1,732,https://cdn.rebrickable.com/media/sets/42205-1/148591.jpg,https://rebrickable.com/sets/42205-1/chevrolet-corvette-stingray/
EG00154-1,Lunar New Year Snake,2025,686,866,https://cdn.rebrickable.com/media/sets/eg00154-1/153102.jpg,https://rebrickable.com/sets/EG00154-1/lunar-new-year-snake/
75404-1,Acclamator-Class Assault Ship,2025,158,450,https://cdn.rebrickable.com/media/sets/75404-1/148928.jpg,https://rebrickable.com/sets/75404-1/acclamator-class-assault-ship/
10373-1,Mini Bonsai Trees,2025,769,709,https://cdn.rebrickable.com/media/sets/10373-1/158544.jpg,https://rebrickable.com/sets/10373-1/mini-bonsai-trees/
10348-1,Japanese Red Maple Bonsai Tree,2025,769,474,https://cdn.rebrickable.com/media/sets/10348-1/154699.jpg,https://rebrickable.com/sets/10348-1/japanese-red-maple-bonsai-tree/
21356-1,River Steamboat,2025,576,4090,https://cdn.rebrickable.com/media/sets/21356-1/153009.jpg,https://rebrickable.com/sets/21356-1/river-steamboat/
72036-1,Mario Kart - Baby Peach & Grand Prix Set,2025,690,823,https://cdn.rebrickable.com/media/sets/72036-1/146043.jpg,https://rebrickable.com/sets/72036-1/mario-kart-baby-peach-grand-prix-set/
76458-1,Thestral Family,2025,246,548,https://cdn.rebrickable.com/media/sets/76458-1/155347.jpg,https://rebrickable.com/sets/76458-1/thestral-family/
75691-1,Glinda & Elphaba Bookends,2025,765,1327,https://cdn.rebrickable.com/media/sets/75691-1/158654.jpg,https://rebrickable.com/sets/75691-1/glinda-elphaba-bookends/
71819-2,Dragon Stone Shrine Influencer Box,2024,435,708,https://cdn.rebrickable.com/media/sets/71819-2/138160.jpg,https://rebrickable.com/sets/71819-2/dragon-stone-shrine-influencer-box/
75388-1,Jedi Bob's Starfighter,2024,158,305,https://cdn.rebrickable.com/media/sets/75388-1/143181.jpg,https://rebrickable.com/sets/75388-1/jedi-bobs-starfighter/
11035-1,Creative Houses,2024,621,850,https://cdn.rebrickable.com/media/sets/11035-1/133265.jpg,https://rebrickable.com/sets/11035-1/creative-houses/
77049-1,Isabelle's House Visit,2024,752,389,https://cdn.rebrickable.com/media/sets/77049-1/128569.jpg,https://rebrickable.com/sets/77049-1/isabelles-house-visit/
71822-1,Source Dragon of Motion,2024,435,1717,https://cdn.rebrickable.com/media/sets/71822-1/139961.jpg,https://rebrickable.com/sets/71822-1/source-dragon-of-motion/
71813-1,Wolf Mask Shadow Dojo,2024,435,1190,https://cdn.rebrickable.com/media/sets/71813-1/136957.jpg,https://rebrickable.com/sets/71813-1/wolf-mask-shadow-dojo/
75379-1,R2-D2,2024,158,1050,https://cdn.rebrickable.com/media/sets/75379-1/136905.jpg,https://rebrickable.com/sets/75379-1/r2-d2/
80056-1,Nine-Headed Beast,2024,693,757,https://cdn.rebrickable.com/media/sets/80056-1/140559.jpg,https://rebrickable.com/sets/80056-1/nine-headed-beast/
40678-1,Festival Calendar,2024,779,345,https://cdn.rebrickable.com/media/sets/40678-1/129242.jpg,https://rebrickable.com/sets/40678-1/festival-calendar/
75382-1,TIE Interceptor,2024,171,1931,https://cdn.rebrickable.com/media/sets/75382-1/139264.jpg,https://rebrickable.com/sets/75382-1/tie-interceptor/
40725-1,Cherry Blossoms,2024,769,430,https://cdn.rebrickable.com/media/sets/40725-1/133743.jpg,https://rebrickable.com/sets/40725-1/cherry-blossoms/
75582-1,Brick-Built Gru and Minions,2024,763,839,https://cdn.rebrickable.com/media/sets/75582-1/139456.jpg,https://rebrickable.com/sets/75582-1/brick-built-gru-and-minions/
42619-1,Pop Star Tour Bus,2024,494,845,https://cdn.rebrickable.com/media/sets/42619-1/133144.jpg,https://rebrickable.com/sets/42619-1/pop-star-tour-bus/
11038-1,Vibrant Creative Brick Box,2024,621,850,https://cdn.rebrickable.com/media/sets/11038-1/132980.jpg,https://rebrickable.com/sets/11038-1/vibrant-creative-brick-box/
60439-1,Space Science Lab,2024,793,560,https://cdn.rebrickable.com/media/sets/60439-1/138188.jpg,https://rebrickable.com/sets/60439-1/space-science-lab/
21265-1,The Crafting Table,2024,577,1195,https://cdn.rebrickable.com/media/sets/21265-1/141367.jpg,https://rebrickable.com/sets/21265-1/the-crafting-table/
76286-1,The Milano Spaceship,2024,781,2091,https://cdn.rebrickable.com/media/sets/76286-1/140482.jpg,https://rebrickable.com/sets/76286-1/the-milano-spaceship/
60432-1,Command Rover and Crane Loader,2024,793,758,https://cdn.rebrickable.com/media/sets/60432-1/133939.jpg,https://rebrickable.com/sets/60432-1/command-rover-and-crane-loader/
21257-1,The Devourer Showdown,2024,577,420,https://cdn.rebrickable.com/media/sets/21257-1/133534.jpg,https://rebrickable.com/sets/21257-1/the-devourer-showdown/
42179-1,Planet Earth and Moon in Orbit,2024,1,526,https://cdn.rebrickable.com/media/sets/42179-1/134842.jpg,https://rebrickable.com/sets/42179-1/planet-earth-and-moon-in-orbit/
43240-1,Maleficent’s Dragon Form,2024,579,584,https://cdn.rebrickable.com/media/sets/43240-1/140209.jpg,https://rebrickable.com/sets/43240-1/maleficents-dragon-form/
42176-1,Porsche GT4 e-Performance,2024,1,834,https://cdn.rebrickable.com/media/sets/42176-1/139914.jpg,https://rebrickable.com/sets/42176-1/porsche-gt4-e-performance/
75398-1,C-3PO,2024,158,1140,https://cdn.rebrickable.com/media/sets/75398-1/142250.jpg,https://rebrickable.com/sets/75398-1/c-3po/
76925-1,Aston Martin Vantage Safety Car & AMR23,2024,601,567,https://cdn.rebrickable.com/media/sets/76925-1/139853.jpg,https://rebrickable.com/sets/76925-1/aston-martin-vantage-safety-car-amr23/
60417-1,Police Speedboat and Crooks' Hideout,2024,61,311,https://cdn.rebrickable.com/media/sets/60417-1/133881.jpg,https://rebrickable.com/sets/60417-1/police-speedboat-and-crooks-hideout/
75394-1,Imperial Star Destroyer,2024,158,1555,https://cdn.rebrickable.com/media/sets/75394-1/140420.jpg,https://rebrickable.com/sets/75394-1/imperial-star-destroyer/
21281-1,Baby Pig's Birthday Celebration,2024,577,351,https://cdn.rebrickable.com/media/sets/21281-1/143176.jpg,https://rebrickable.com/sets/21281-1/baby-pigs-birthday-celebration/
42604-1,Heartlake City Shopping Mall,2024,494,1237,https://cdn.rebrickable.com/media/sets/42604-1/129192.jpg,https://rebrickable.com/sets/42604-1/heartlake-city-shopping-mall/
76295-1,The Avengers Helicarrier,2024,781,509,https://cdn.rebrickable.com/media/sets/76295-1/142244.jpg,https://rebrickable.com/sets/76295-1/the-avengers-helicarrier/
80058-1,Celestial Pagoda,2024,693,1621,https://cdn.rebrickable.com/media/sets/80058-1/140553.jpg,https://rebrickable.com/sets/80058-1/celestial-pagoda/
10331-1,Kingfisher Bird,2024,721,834,https://cdn.rebrickable.com/media/sets/10331-1/135670.jpg,https://rebrickable.com/sets/10331-1/kingfisher-bird/
76962-1,Baby Bumpy: Ankylosaurus,2024,602,358,https://cdn.rebrickable.com/media/sets/76962-1/140923.jpg,https://rebrickable.com/sets/76962-1/baby-bumpy-ankylosaurus/
21261-1,The Wolf Stronghold,2024,577,312,https://cdn.rebrickable.com/media/sets/21261-1/140250.jpg,https://rebrickable.com/sets/21261-1/the-wolf-stronghold/
910038-1,Ominous Isle,2024,719,2809,https://cdn.rebrickable.com/media/sets/910038-1/141477.jpg,https://rebrickable.com/sets/910038-1/ominous-isle/
42172-1,McLaren P1,2024,1,3893,https://cdn.rebrickable.com/media/sets/42172-1/142568.jpg,https://rebrickable.com/sets/42172-1/mclaren-p1/
40706-1,Micro NINJAGO City Markets,2024,435,365,https://cdn.rebrickable.com/media/sets/40706-1/142198.jpg,https://rebrickable.com/sets/40706-1/micro-ninjago-city-markets/
75392-1,Creative Play Droid Builder,2024,158,1186,https://cdn.rebrickable.com/media/sets/75392-1/142151.jpg,https://rebrickable.com/sets/75392-1/creative-play-droid-builder/
910034-1,Brick Cross,2024,719,3050,https://cdn.rebrickable.com/media/sets/910034-1/141473.jpg,https://rebrickable.com/sets/910034-1/brick-cross/
60434-1,Space Base and Rocket Launchpad,2024,793,1424,https://cdn.rebrickable.com/media/sets/60434-1/133833.jpg,https://rebrickable.com/sets/60434-1/space-base-and-rocket-launchpad/
40681-1,Retro Food Truck,2024,721,310,https://cdn.rebrickable.com/media/sets/40681-1/135099.jpg,https://rebrickable.com/sets/40681-1/retro-food-truck/
76781-1,Wednesday & Enid's Dorm Room,2024,768,751,https://cdn.rebrickable.com/media/sets/76781-1/145681.jpg,https://rebrickable.com/sets/76781-1/wednesday-enids-dorm-room/
71820-1,Ninja Team Combo Vehicle,2024,435,576,https://cdn.rebrickable.com/media/sets/71820-1/139964.jpg,https://rebrickable.com/sets/71820-1/ninja-team-combo-vehicle/
76965-1,Dinosaur Missions: Stegosaurus Discovery,2024,602,420,https://cdn.rebrickable.com/media/sets/76965-1/140935.jpg,https://rebrickable.com/sets/76965-1/dinosaur-missions-stegosaurus-discovery/
21348-1,Dungeons & Dragons: Red Dragon's Tale,2024,576,3747,https://cdn.rebrickable.com/media/sets/21348-1/138409.jpg,https://rebrickable.com/sets/21348-1/dungeons-dragons-red-dragons-tale/
75385-1,Ahsoka Tano's Duel on Peridea,2024,158,382,https://cdn.rebrickable.com/media/sets/75385-1/142246.jpg,https://rebrickable.com/sets/75385-1/ahsoka-tanos-duel-on-peridea/
910033-1,Old Train Engine Shed,2024,719,2339,https://cdn.rebrickable.com/media/sets/910033-1/160273.jpg,https://rebrickable.com/sets/910033-1/old-train-engine-shed/
910030-1,Snack Shack,2024,719,539,https://cdn.rebrickable.com/media/sets/910030-1/137269.jpg,https://rebrickable.com/sets/910030-1/snack-shack/
71808-1,Kai's Elemental Fire Mech,2024,435,322,https://cdn.rebrickable.com/media/sets/71808-1/133637.jpg,https://rebrickable.com/sets/71808-1/kais-elemental-fire-mech/
42614-1,Vintage Fashion Store,2024,494,409,https://cdn.rebrickable.com/media/sets/42614-1/133156.jpg,https://rebrickable.com/sets/42614-1/vintage-fashion-store/
76291-1,The Avengers Assemble: Age of Ultron,2024,781,613,https://cdn.rebrickable.com/media/sets/76291-1/140475.jpg,https://rebrickable.com/sets/76291-1/the-avengers-assemble-age-of-ultron/
31157-1,Exotic Peacock,2024,672,355,https://cdn.rebrickable.com/media/sets/31157-1/133399.jpg,https://rebrickable.com/sets/31157-1/exotic-peacock/
31151-1,T. rex,2024,672,626,https://cdn.rebrickable.com/media/sets/31151-1/140228.jpg,https://rebrickable.com/sets/31151-1/t-rex/
76290-1,The Avengers vs. The Leviathan,2024,781,347,https://cdn.rebrickable.com/media/sets/76290-1/140472.jpg,https://rebrickable.com/sets/76290-1/the-avengers-vs-the-leviathan/
60420-1,Yellow Construction Excavator,2024,56,633,https://cdn.rebrickable.com/media/sets/60420-1/140650.jpg,https://rebrickable.com/sets/60420-1/yellow-construction-excavator/
40680-1,Flower Store,2024,598,338,https://cdn.rebrickable.com/media/sets/40680-1/146291.jpg,https://rebrickable.com/sets/40680-1/flower-store/
43244-1,Elsa's Ice Palace,2024,687,630,https://cdn.rebrickable.com/media/sets/43244-1/140175.jpg,https://rebrickable.com/sets/43244-1/elsas-ice-palace/
43247-1,Young Simba the Lion King,2024,608,1445,https://cdn.rebrickable.com/media/sets/43247-1/140994.jpg,https://rebrickable.com/sets/43247-1/young-simba-the-lion-king/
60412-1,4x4 Fire Engine with Rescue Boat,2024,58,302,https://cdn.rebrickable.com/media/sets/60412-1/133991.jpg,https://rebrickable.com/sets/60412-1/4x4-fire-engine-with-rescue-boat/
42168-1,John Deere 9700 Forage Harvester,2024,1,559,https://cdn.rebrickable.com/media/sets/42168-1/133698.jpg,https://rebrickable.com/sets/42168-1/john-deere-9700-forage-harvester/
10327-1,Dune Atreides Royal Ornithopter,2024,721,1370,https://cdn.rebrickable.com/media/sets/10327-1/128861.jpg,https://rebrickable.com/sets/10327-1/dune-atreides-royal-ornithopter/
21255-1,The Nether Portal Ambush,2024,577,352,https://cdn.rebrickable.com/media/sets/21255-1/133564.jpg,https://rebrickable.com/sets/21255-1/the-nether-portal-ambush/
40699-1,Retro Record Player,2024,598,310,https://cdn.rebrickable.com/media/sets/40699-1/148129.jpg,https://rebrickable.com/sets/40699-1/retro-record-player/
75387-1,Boarding the Tantive IV,2024,158,502,https://cdn.rebrickable.com/media/sets/75387-1/136904.jpg,https://rebrickable.com/sets/75387-1/boarding-the-tantive-iv/
71480-1,Logan the Mighty Panda,2024,749,342,https://cdn.rebrickable.com/media/sets/71480-1/139533.jpg,https://rebrickable.com/sets/71480-1/logan-the-mighty-panda/
21061-1,Notre-Dame de Paris,2024,252,4382,https://cdn.rebrickable.com/media/sets/21061-1/140433.jpg,https://rebrickable.com/sets/21061-1/notre-dame-de-paris/
76296-1,New Captain America Construction Figure,2024,782,360,https://cdn.rebrickable.com/media/sets/76296-1/147333.jpg,https://rebrickable.com/sets/76296-1/new-captain-america-construction-figure/
76431-1,Hogwarts Castle: Potions Class,2024,246,396,https://cdn.rebrickable.com/media/sets/76431-1/140042.jpg,https://rebrickable.com/sets/76431-1/hogwarts-castle-potions-class/
60423-1,Downtown Streetcar and Station,2024,66,811,https://cdn.rebrickable.com/media/sets/60423-1/139903.jpg,https://rebrickable.com/sets/60423-1/downtown-streetcar-and-station/
71478-1,The Never Witch's Midnight Raven,2024,749,1203,https://cdn.rebrickable.com/media/sets/71478-1/139565.jpg,https://rebrickable.com/sets/71478-1/the-never-witchs-midnight-raven/
76294-1,The X-Mansion,2024,707,3093,https://cdn.rebrickable.com/media/sets/76294-1/146968.jpg,https://rebrickable.com/sets/76294-1/the-x-mansion/
43246-1,Princess Market Adventure,2024,579,821,https://cdn.rebrickable.com/media/sets/43246-1/133447.jpg,https://rebrickable.com/sets/43246-1/princess-market-adventure/
43242-1,Snow White and the Seven Dwarfs' Cottage,2024,608,2228,https://cdn.rebrickable.com/media/sets/43242-1/137500.jpg,https://rebrickable.com/sets/43242-1/snow-white-and-the-seven-dwarfs-cottage/
10337-1,Lamborghini Countach 5000 Quattrovalvole,2024,721,1506,https://cdn.rebrickable.com/media/sets/10337-1/141579.jpg,https://rebrickable.com/sets/10337-1/lamborghini-countach-5000-quattrovalvole/
76284-1,Green Goblin Construction Figure,2024,706,471,https://cdn.rebrickable.com/media/sets/76284-1/137812.jpg,https://rebrickable.com/sets/76284-1/green-goblin-construction-figure/
77073-1,Battle Bus,2024,766,954,https://cdn.rebrickable.com/media/sets/77073-1/143083.jpg,https://rebrickable.com/sets/77073-1/battle-bus/
31213-1,Mona Lisa,2024,709,1503,https://cdn.rebrickable.com/media/sets/31213-1/140450.jpg,https://rebrickable.com/sets/31213-1/mona-lisa/
40684-1,Fruit Store,2024,598,337,https://cdn.rebrickable.com/media/sets/40684-1/139169.jpg,https://rebrickable.com/sets/40684-1/fruit-store/
42630-1,Heartlake City Water Park,2024,494,825,https://cdn.rebrickable.com/media/sets/42630-1/140738.jpg,https://rebrickable.com/sets/42630-1/heartlake-city-water-park/
910031-1,General Store,2024,719,1906,https://cdn.rebrickable.com/media/sets/910031-1/168743.jpg,https://rebrickable.com/sets/910031-1/general-store/
71432-1,Dorrie's Sunken Shipwreck Adventure Expansion Set,2024,690,500,https://cdn.rebrickable.com/media/sets/71432-1/129524.jpg,https://rebrickable.com/sets/71432-1/dorries-sunken-shipwreck-adventure-expansion-set/
60414-1,Fire Station with Fire Truck,2024,58,844,https://cdn.rebrickable.com/media/sets/60414-1/133853.jpg,https://rebrickable.com/sets/60414-1/fire-station-with-fire-truck/
21346-1,Family Tree,2024,576,1040,https://cdn.rebrickable.com/media/sets/21346-1/135476.jpg,https://rebrickable.com/sets/21346-1/family-tree/
75681-1,"Glinda, Elphaba & Nessarose at Shiz Uni",2024,765,305,https://cdn.rebrickable.com/media/sets/75681-1/144285.jpg,https://rebrickable.com/sets/75681-1/glinda-elphaba-nessarose-at-shiz-uni/
75389-1,The Dark Falcon,2024,158,1579,https://cdn.rebrickable.com/media/sets/75389-1/142054.jpg,https://rebrickable.com/sets/75389-1/the-dark-falcon/
76298-1,Iron Spider-Man Construction Figure,2024,706,303,https://cdn.rebrickable.com/media/sets/76298-1/137821.jpg,https://rebrickable.com/sets/76298-1/iron-spider-man-construction-figure/
40708-1,Mini Disney Ariel's Castle,2024,579,557,https://cdn.rebrickable.com/media/sets/40708-1/133737.jpg,https://rebrickable.com/sets/40708-1/mini-disney-ariels-castle/
76271-1,Batman: The Animated Series Gotham City,2024,697,4210,https://cdn.rebrickable.com/media/sets/76271-1/138005.jpg,https://rebrickable.com/sets/76271-1/batman-the-animated-series-gotham-city/
76328-1,Batman: The Classic TV Series Batmobile,2024,697,1822,https://cdn.rebrickable.com/media/sets/76328-1/145198.jpg,https://rebrickable.com/sets/76328-1/batman-the-classic-tv-series-batmobile/
31155-1,Hamster Wheel,2024,672,416,https://cdn.rebrickable.com/media/sets/31155-1/133388.jpg,https://rebrickable.com/sets/31155-1/hamster-wheel/
60419-1,Police Prison Island,2024,61,980,https://cdn.rebrickable.com/media/sets/60419-1/133952.jpg,https://rebrickable.com/sets/60419-1/police-prison-island/
80112-1,Auspicious Dragon,2024,686,1171,https://cdn.rebrickable.com/media/sets/80112-1/129195.jpg,https://rebrickable.com/sets/80112-1/auspicious-dragon/
76966-1,Dinosaur Missions: Allosaurus Transport Truck,2024,602,588,https://cdn.rebrickable.com/media/sets/76966-1/140933.jpg,https://rebrickable.com/sets/76966-1/dinosaur-missions-allosaurus-transport-truck/
75684-1,Welcome to Emerald City,2024,765,945,https://cdn.rebrickable.com/media/sets/75684-1/144275.jpg,https://rebrickable.com/sets/75684-1/welcome-to-emerald-city/
31158-1,Sea Animals,2024,672,421,https://cdn.rebrickable.com/media/sets/31158-1/136991.jpg,https://rebrickable.com/sets/31158-1/sea-animals/
60431-1,Space Explorer Rover and Alien Life,2024,793,311,https://cdn.rebrickable.com/media/sets/60431-1/133843.jpg,https://rebrickable.com/sets/60431-1/space-explorer-rover-and-alien-life/
43248-1,Inside Out 2 Mood Cubes,2024,608,394,https://cdn.rebrickable.com/media/sets/43248-1/138976.jpg,https://rebrickable.com/sets/43248-1/inside-out-2-mood-cubes/
42184-1,Koenigsegg Jesko Absolut White Hypercar,2024,1,801,https://cdn.rebrickable.com/media/sets/42184-1/142307.jpg,https://rebrickable.com/sets/42184-1/koenigsegg-jesko-absolut-white-hypercar/
76285-1,Spider-Man's Mask,2024,706,487,https://cdn.rebrickable.com/media/sets/76285-1/132958.jpg,https://rebrickable.com/sets/76285-1/spider-mans-mask/
76998-1,Knuckles and the Master Emerald Shrine,2024,747,325,https://cdn.rebrickable.com/media/sets/76998-1/139843.jpg,https://rebrickable.com/sets/76998-1/knuckles-and-the-master-emerald-shrine/
45826-1,SUBMERGED Challenge Set,2024,398,1916,https://cdn.rebrickable.com/media/sets/45826-1/143869.jpg,https://rebrickable.com/sets/45826-1/submerged-challenge-set/
80117-1,Good Fortune,2024,686,1021,https://cdn.rebrickable.com/media/sets/80117-1/147427.jpg,https://rebrickable.com/sets/80117-1/good-fortune/
40505-1,Building Systems,2024,599,1211,https://cdn.rebrickable.com/media/sets/40505-1/137778.jpg,https://rebrickable.com/sets/40505-1/building-systems/
76439-1,Ollivanders & Madam Malkin’s Robes,2024,246,766,https://cdn.rebrickable.com/media/sets/76439-1/140018.jpg,https://rebrickable.com/sets/76439-1/ollivanders-madam-malkins-robes/
31154-1,Forest Animals: Red Fox,2024,672,667,https://cdn.rebrickable.com/media/sets/31154-1/136964.jpg,https://rebrickable.com/sets/31154-1/forest-animals-red-fox/
11034-1,Creative Pets,2024,621,450,https://cdn.rebrickable.com/media/sets/11034-1/133263.jpg,https://rebrickable.com/sets/11034-1/creative-pets/
76280-1,Spider-Man vs. Sandman: Final Battle,2024,706,347,https://cdn.rebrickable.com/media/sets/76280-1/134479.jpg,https://rebrickable.com/sets/76280-1/spider-man-vs-sandman-final-battle/
80050-1,Creative Vehicles,2024,693,390,https://cdn.rebrickable.com/media/sets/80050-1/134107.jpg,https://rebrickable.com/sets/80050-1/creative-vehicles/
40696-1,Bakery,2024,598,376,https://cdn.rebrickable.com/media/sets/40696-1/146679.jpg,https://rebrickable.com/sets/40696-1/bakery/
40743-1,Christmas Table Decoration,2024,227,433,https://cdn.rebrickable.com/media/sets/40743-1/143737.jpg,https://rebrickable.com/sets/40743-1/christmas-table-decoration/
10391-1,Over the Moon with Pharrell Williams,2024,721,966,https://cdn.rebrickable.com/media/sets/10391-1/145215.jpg,https://rebrickable.com/sets/10391-1/over-the-moon-with-pharrell-williams/
10334-1,Retro Radio,2024,721,906,https://cdn.rebrickable.com/media/sets/10334-1/140496.jpg,https://rebrickable.com/sets/10334-1/retro-radio/
71475-1,Mr. Oz's Space Car,2024,749,350,https://cdn.rebrickable.com/media/sets/71475-1/133490.jpg,https://rebrickable.com/sets/71475-1/mr-ozs-space-car/
77092-1,Great Deku Tree 2-in-1,2024,764,2500,https://cdn.rebrickable.com/media/sets/77092-1/141275.jpg,https://rebrickable.com/sets/77092-1/great-deku-tree-2-in-1/
71438-1,Super Mario World: Mario & Yoshi,2024,690,1215,https://cdn.rebrickable.com/media/sets/71438-1/143271.jpg,https://rebrickable.com/sets/71438-1/super-mario-world-mario-yoshi/
43249-1,Stitch,2024,608,730,https://cdn.rebrickable.com/media/sets/43249-1/135370.jpg,https://rebrickable.com/sets/43249-1/stitch/
10370-1,Poinsettia,2024,227,608,https://cdn.rebrickable.com/media/sets/10370-1/144811.jpg,https://rebrickable.com/sets/10370-1/poinsettia/
40749-1,"Joy, Sadness & Anxiety",2024,610,300,https://cdn.rebrickable.com/media/sets/40749-1/140290.jpg,https://rebrickable.com/sets/40749-1/joy-sadness-anxiety/
76274-1,Batman with the Batmobile vs Harley Quinn and Mr. Freeze,2024,697,435,https://cdn.rebrickable.com/media/sets/76274-1/140084.jpg,https://rebrickable.com/sets/76274-1/batman-with-the-batmobile-vs-harley-quinn-and-mr-freeze/
42638-1,Castle Bed and Breakfast,2024,494,1311,https://cdn.rebrickable.com/media/sets/42638-1/140699.jpg,https://rebrickable.com/sets/42638-1/castle-bed-and-breakfast/
77071-1,Supply Llama,2024,766,691,https://cdn.rebrickable.com/media/sets/77071-1/143092.jpg,https://rebrickable.com/sets/77071-1/supply-llama/
76428-1,Hagrid's Hut: An Unexpected Visit,2024,246,894,https://cdn.rebrickable.com/media/sets/76428-1/132974.jpg,https://rebrickable.com/sets/76428-1/hagrids-hut-an-unexpected-visit/
42181-1,VTOL Heavy Cargo Spaceship LT81,2024,1,1365,https://cdn.rebrickable.com/media/sets/42181-1/134833.jpg,https://rebrickable.com/sets/42181-1/vtol-heavy-cargo-spaceship-lt81/
4000042-1,The Vault Memory Lane,2024,599,1243,https://cdn.rebrickable.com/media/sets/4000042-1/141953.jpg,https://rebrickable.com/sets/4000042-1/the-vault-memory-lane/
40690-1,Tribute to Jules Verne's Books,2024,598,351,https://cdn.rebrickable.com/media/sets/40690-1/141835.jpg,https://rebrickable.com/sets/40690-1/tribute-to-jules-vernes-books/
75683-1,Glinda & Elphaba's Dormitory,2024,765,742,https://cdn.rebrickable.com/media/sets/75683-1/144282.jpg,https://rebrickable.com/sets/75683-1/glinda-elphabas-dormitory/
75395-1,Star Wars Advent Calendar 2024,2024,209,368,https://cdn.rebrickable.com/media/sets/75395-1/140111.jpg,https://rebrickable.com/sets/75395-1/star-wars-advent-calendar-2024/
42617-1,Farm Animal Sanctuary,2024,494,489,https://cdn.rebrickable.com/media/sets/42617-1/133082.jpg,https://rebrickable.com/sets/42617-1/farm-animal-sanctuary/
76437-1,The Burrow – Collectors' Edition,2024,246,2403,https://cdn.rebrickable.com/media/sets/76437-1/144660.jpg,https://rebrickable.com/sets/76437-1/the-burrow-collectors-edition/
42171-1,Mercedes-AMG F1 W14 E Performance,2024,1,1642,https://cdn.rebrickable.com/media/sets/42171-1/137095.jpg,https://rebrickable.com/sets/42171-1/mercedes-amg-f1-w14-e-performance/
60437-1,Jungle Explorer Helicopter at Base Camp,2024,614,881,https://cdn.rebrickable.com/media/sets/60437-1/140596.jpg,https://rebrickable.com/sets/60437-1/jungle-explorer-helicopter-at-base-camp/
76924-1,Mercedes-AMG G 63 & Mercedes-AMG SL 63,2024,601,811,https://cdn.rebrickable.com/media/sets/76924-1/139854.jpg,https://rebrickable.com/sets/76924-1/mercedes-amg-g-63-mercedes-amg-sl-63/
77052-1,K.K.'s Concert at the Plaza,2024,752,550,https://cdn.rebrickable.com/media/sets/77052-1/139839.jpg,https://rebrickable.com/sets/77052-1/kks-concert-at-the-plaza/
42613-1,Heartlake City Hospital Ambulance,2024,494,344,https://cdn.rebrickable.com/media/sets/42613-1/133185.jpg,https://rebrickable.com/sets/42613-1/heartlake-city-hospital-ambulance/
43276-1,Snow White's Jewelry Box,2024,579,358,https://cdn.rebrickable.com/media/sets/43276-1/140150.jpg,https://rebrickable.com/sets/43276-1/snow-whites-jewelry-box/
76427-1,Buckbeak,2024,246,723,https://cdn.rebrickable.com/media/sets/76427-1/140044.jpg,https://rebrickable.com/sets/76427-1/buckbeak/
71436-1,King Boo's Haunted Mansion,2024,690,932,https://cdn.rebrickable.com/media/sets/71436-1/138106.jpg,https://rebrickable.com/sets/71436-1/king-boos-haunted-mansion/
71431-1,Bowser's Muscle Car Expansion Set,2024,690,458,https://cdn.rebrickable.com/media/sets/71431-1/129510.jpg,https://rebrickable.com/sets/71431-1/bowsers-muscle-car-expansion-set/
42177-1,Mercedes-Benz G 500 PROFESSIONAL Line,2024,1,2891,https://cdn.rebrickable.com/media/sets/42177-1/142596.jpg,https://rebrickable.com/sets/42177-1/mercedes-benz-g-500-professional-line/
80116-1,Trotting Lantern,2024,686,1295,https://cdn.rebrickable.com/media/sets/80116-1/147434.jpg,https://rebrickable.com/sets/80116-1/trotting-lantern/
80055-1,Monkie Kid's Team Power Truck,2024,693,712,https://cdn.rebrickable.com/media/sets/80055-1/140578.jpg,https://rebrickable.com/sets/80055-1/monkie-kids-team-power-truck/
42167-1,Mack LR Electric Garbage Truck,2024,1,503,https://cdn.rebrickable.com/media/sets/42167-1/133688.jpg,https://rebrickable.com/sets/42167-1/mack-lr-electric-garbage-truck/
31148-1,Retro Roller Skate,2024,672,342,https://cdn.rebrickable.com/media/sets/31148-1/133358.jpg,https://rebrickable.com/sets/31148-1/retro-roller-skate/
80054-1,Megapolis City 5th Anniversary,2024,693,2330,https://cdn.rebrickable.com/media/sets/80054-1/129181.jpg,https://rebrickable.com/sets/80054-1/megapolis-city-5th-anniversary/
60422-1,Seaside Harbor with Cargo Ship,2024,59,1226,https://cdn.rebrickable.com/media/sets/60422-1/140639.jpg,https://rebrickable.com/sets/60422-1/seaside-harbor-with-cargo-ship/
42174-1,Emirates Team New Zealand AC75 Yacht,2024,1,964,https://cdn.rebrickable.com/media/sets/42174-1/142236.jpg,https://rebrickable.com/sets/42174-1/emirates-team-new-zealand-ac75-yacht/
71486-1,Castle Nocturnia,2024,749,1742,https://cdn.rebrickable.com/media/sets/71486-1/139525.jpg,https://rebrickable.com/sets/71486-1/castle-nocturnia/
41839-1,Message Board,2024,301,1743,https://cdn.rebrickable.com/media/sets/41839-1/142519.jpg,https://rebrickable.com/sets/41839-1/message-board/
10338-1,Bumblebee,2024,721,950,https://cdn.rebrickable.com/media/sets/10338-1/141728.jpg,https://rebrickable.com/sets/10338-1/bumblebee/
71483-1,The Never Witch's Nightmare Creatures,2024,749,464,https://cdn.rebrickable.com/media/sets/71483-1/139569.jpg,https://rebrickable.com/sets/71483-1/the-never-witchs-nightmare-creatures/
40755-1,Imperial Dropship vs. Rebel Scout Speeder,2024,158,383,https://cdn.rebrickable.com/media/sets/40755-1/145820.jpg,https://rebrickable.com/sets/40755-1/imperial-dropship-vs-rebel-scout-speeder/
21262-1,The Windmill Farm,2024,577,462,https://cdn.rebrickable.com/media/sets/21262-1/140799.jpg,https://rebrickable.com/sets/21262-1/the-windmill-farm/
76273-1,Batman Construction Figure and the Bat-Pod Bike,2024,697,713,https://cdn.rebrickable.com/media/sets/76273-1/140085.jpg,https://rebrickable.com/sets/76273-1/batman-construction-figure-and-the-bat-pod-bike/
76281-1,X-Men X-Jet,2024,707,359,https://cdn.rebrickable.com/media/sets/76281-1/134495.jpg,https://rebrickable.com/sets/76281-1/x-men-x-jet/
71818-1,Tournament Battle Arena,2024,435,659,https://cdn.rebrickable.com/media/sets/71818-1/139968.jpg,https://rebrickable.com/sets/71818-1/tournament-battle-arena/
80057-1,Nezha's Ring of Fire Mech,2024,693,1163,https://cdn.rebrickable.com/media/sets/80057-1/140567.jpg,https://rebrickable.com/sets/80057-1/nezhas-ring-of-fire-mech/
75376-1,Tantive IV,2024,158,654,https://cdn.rebrickable.com/media/sets/75376-1/136889.jpg,https://rebrickable.com/sets/75376-1/tantive-iv/
42620-1,Olly's and Paisley's Family Homes,2024,494,1126,https://cdn.rebrickable.com/media/sets/42620-1/133141.jpg,https://rebrickable.com/sets/42620-1/ollys-and-paisleys-family-homes/
75393-1,TIE Fighter & X-Wing Mash-up,2024,158,1063,https://cdn.rebrickable.com/media/sets/75393-1/142066.jpg,https://rebrickable.com/sets/75393-1/tie-fighter-x-wing-mash-up/
21351-1,Disney Tim Burton's The Nightmare Before Christmas,2024,576,2193,https://cdn.rebrickable.com/media/sets/21351-1/144331.jpg,https://rebrickable.com/sets/21351-1/disney-tim-burtons-the-nightmare-before-christmas/
10335-1,The Endurance,2024,721,3011,https://cdn.rebrickable.com/media/sets/10335-1/147505.jpg,https://rebrickable.com/sets/10335-1/the-endurance/
40676-1,The Phantom Menace,2024,610,732,https://cdn.rebrickable.com/media/sets/40676-1/139276.jpg,https://rebrickable.com/sets/40676-1/the-phantom-menace/
76997-1,Tails' Adventure Boat,2024,747,393,https://cdn.rebrickable.com/media/sets/76997-1/139850.jpg,https://rebrickable.com/sets/76997-1/tails-adventure-boat/
10340-1,Wreath,2024,227,1194,https://cdn.rebrickable.com/media/sets/10340-1/144814.jpg,https://rebrickable.com/sets/10340-1/wreath/
75375-1,Millennium Falcon,2024,158,921,https://cdn.rebrickable.com/media/sets/75375-1/136884.jpg,https://rebrickable.com/sets/75375-1/millennium-falcon/
77072-1,Peely Bone,2024,766,1414,https://cdn.rebrickable.com/media/sets/77072-1/143086.jpg,https://rebrickable.com/sets/77072-1/peely-bone/
43237-1,Isabela's Flowerpot,2024,608,641,https://cdn.rebrickable.com/media/sets/43237-1/135367.jpg,https://rebrickable.com/sets/43237-1/isabelas-flowerpot/
71435-1,Battle with Roy at Peach's Castle,2024,690,738,https://cdn.rebrickable.com/media/sets/71435-1/138107.jpg,https://rebrickable.com/sets/71435-1/battle-with-roy-at-peachs-castle/
76920-1,Ford Mustang Dark Horse Sports Car,2024,601,347,https://cdn.rebrickable.com/media/sets/76920-1/133004.jpg,https://rebrickable.com/sets/76920-1/ford-mustang-dark-horse-sports-car/
43252-1,Moana's Flowerpot,2024,579,619,https://cdn.rebrickable.com/media/sets/43252-1/140320.jpg,https://rebrickable.com/sets/43252-1/moanas-flowerpot/
42182-1,NASA Apollo Lunar Roving Vehicle - LRV,2024,1,1913,https://cdn.rebrickable.com/media/sets/42182-1/139917.jpg,https://rebrickable.com/sets/42182-1/nasa-apollo-lunar-roving-vehicle-lrv/
4000502-1,Braille Bricks Toolkit (Brazilian Portuguese),2024,507,340,https://cdn.rebrickable.com/media/sets/4000502-1/145150.jpg,https://rebrickable.com/sets/4000502-1/braille-bricks-toolkit-brazilian-portuguese/
42621-1,Heartlake City Hospital,2024,494,1045,https://cdn.rebrickable.com/media/sets/42621-1/133088.jpg,https://rebrickable.com/sets/42621-1/heartlake-city-hospital/
21353-1,The Botanical Garden,2024,576,3792,https://cdn.rebrickable.com/media/sets/21353-1/147085.jpg,https://rebrickable.com/sets/21353-1/the-botanical-garden/
910036-1,Ocean House,2024,719,2208,https://cdn.rebrickable.com/media/sets/910036-1/141475.jpg,https://rebrickable.com/sets/910036-1/ocean-house/
75377-1,Invisible Hand,2024,158,557,https://cdn.rebrickable.com/media/sets/75377-1/136895.jpg,https://rebrickable.com/sets/75377-1/invisible-hand/
60408-1,Car Transporter Truck with Sports Cars,2024,63,998,https://cdn.rebrickable.com/media/sets/60408-1/140686.jpg,https://rebrickable.com/sets/60408-1/car-transporter-truck-with-sports-cars/
60413-1,Fire Rescue Plane,2024,58,485,https://cdn.rebrickable.com/media/sets/60413-1/134006.jpg,https://rebrickable.com/sets/60413-1/fire-rescue-plane/
910032-1,Parisian Street,2024,719,3533,https://cdn.rebrickable.com/media/sets/910032-1/137267.jpg,https://rebrickable.com/sets/910032-1/parisian-street/
910029-1,Mountain Fortress,2024,719,3997,https://cdn.rebrickable.com/media/sets/910029-1/137266.jpg,https://rebrickable.com/sets/910029-1/mountain-fortress/
21256-1,The Frog House,2024,577,400,https://cdn.rebrickable.com/media/sets/21256-1/133536.jpg,https://rebrickable.com/sets/21256-1/the-frog-house/
21260-1,The Cherry Blossom Garden,2024,577,304,https://cdn.rebrickable.com/media/sets/21260-1/140800.jpg,https://rebrickable.com/sets/21260-1/the-cherry-blossom-garden/
31156-1,Tropical Ukulele,2024,672,387,https://cdn.rebrickable.com/media/sets/31156-1/133354.jpg,https://rebrickable.com/sets/31156-1/tropical-ukulele/
75583-1,Minions and Gru's Family Mansion,2024,763,868,https://cdn.rebrickable.com/media/sets/75583-1/139487.jpg,https://rebrickable.com/sets/75583-1/minions-and-grus-family-mansion/
11036-1,Creative Vehicles,2024,621,900,https://cdn.rebrickable.com/media/sets/11036-1/133279.jpg,https://rebrickable.com/sets/11036-1/creative-vehicles/
75397-1,Jabba's Sail Barge,2024,171,3943,https://cdn.rebrickable.com/media/sets/75397-1/145805.jpg,https://rebrickable.com/sets/75397-1/jabbas-sail-barge/
42603-1,Stargazing Camping Vehicle,2024,494,364,https://cdn.rebrickable.com/media/sets/42603-1/133153.jpg,https://rebrickable.com/sets/42603-1/stargazing-camping-vehicle/
10330-1,McLaren MP4/4 & Ayrton Senna,2024,721,693,https://cdn.rebrickable.com/media/sets/10330-1/137114.jpg,https://rebrickable.com/sets/10330-1/mclaren-mp44-ayrton-senna/
80053-1,Mei's Dragon Mech,2024,693,998,https://cdn.rebrickable.com/media/sets/80053-1/134115.jpg,https://rebrickable.com/sets/80053-1/meis-dragon-mech/
76780-1,Wednesday Addams Figure,2024,768,702,https://cdn.rebrickable.com/media/sets/76780-1/145680.jpg,https://rebrickable.com/sets/76780-1/wednesday-addams-figure/
80051-1,Monkie Kid's Mini Mech,2024,693,557,https://cdn.rebrickable.com/media/sets/80051-1/134119.jpg,https://rebrickable.com/sets/80051-1/monkie-kids-mini-mech/
60409-1,Yellow Mobile Construction Crane,2024,56,1116,https://cdn.rebrickable.com/media/sets/60409-1/140658.jpg,https://rebrickable.com/sets/60409-1/yellow-mobile-construction-crane/
2000409-2,Window Exploration Bag,2024,510,5500,https://cdn.rebrickable.com/media/sets/2000409-2/147826.jpg,https://rebrickable.com/sets/2000409-2/window-exploration-bag/
76934-1,Ferrari F40 Supercar,2024,601,325,https://cdn.rebrickable.com/media/sets/76934-1/142487.jpg,https://rebrickable.com/sets/76934-1/ferrari-f40-supercar/
76430-1,Hogwarts Castle Owlery,2024,246,365,https://cdn.rebrickable.com/media/sets/76430-1/132968.jpg,https://rebrickable.com/sets/76430-1/hogwarts-castle-owlery/
10339-1,Santa's Post Office,2024,227,1440,https://cdn.rebrickable.com/media/sets/10339-1/145964.jpg,https://rebrickable.com/sets/10339-1/santas-post-office/
75380-1,Mos Espa Podrace,2024,158,719,https://cdn.rebrickable.com/media/sets/75380-1/139282.jpg,https://rebrickable.com/sets/75380-1/mos-espa-podrace/
75381-1,Droideka,2024,158,583,https://cdn.rebrickable.com/media/sets/75381-1/139292.jpg,https://rebrickable.com/sets/75381-1/droideka/
31152-1,Space Astronaut,2024,672,647,https://cdn.rebrickable.com/media/sets/31152-1/133340.jpg,https://rebrickable.com/sets/31152-1/space-astronaut/
40595-1,Tribute to Galileo Galilei,2023,576,307,https://cdn.rebrickable.com/media/sets/40595-1/128942.jpg,https://rebrickable.com/sets/40595-1/tribute-to-galileo-galilei/
40596-1,Magic Maze,2023,301,332,https://cdn.rebrickable.com/media/sets/40596-1/128321.jpg,https://rebrickable.com/sets/40596-1/magic-maze/
76248-1,The Avengers Quinjet,2023,781,795,https://cdn.rebrickable.com/media/sets/76248-1/130111.jpg,https://rebrickable.com/sets/76248-1/the-avengers-quinjet/
21245-1,The Panda Haven,2023,577,553,https://cdn.rebrickable.com/media/sets/21245-1/132434.jpg,https://rebrickable.com/sets/21245-1/the-panda-haven/
21060-1,Himeji Castle,2023,252,2125,https://cdn.rebrickable.com/media/sets/21060-1/125063.jpg,https://rebrickable.com/sets/21060-1/himeji-castle/
80046-1,Monkie Kid's Cloud Airship,2023,693,547,https://cdn.rebrickable.com/media/sets/80046-1/129803.jpg,https://rebrickable.com/sets/80046-1/monkie-kids-cloud-airship/
71794-1,Lloyd and Arin's Ninja Team Mechs,2023,435,764,https://cdn.rebrickable.com/media/sets/71794-1/122290.jpg,https://rebrickable.com/sets/71794-1/lloyd-and-arins-ninja-team-mechs/
40613-1,Mini Disney Palace of Agrabah,2023,579,506,https://cdn.rebrickable.com/media/sets/40613-1/127275.jpg,https://rebrickable.com/sets/40613-1/mini-disney-palace-of-agrabah/
71461-1,Fantastical Tree House,2023,749,1257,https://cdn.rebrickable.com/media/sets/71461-1/121835.jpg,https://rebrickable.com/sets/71461-1/fantastical-tree-house/
21343-1,Viking Village,2023,576,2104,https://cdn.rebrickable.com/media/sets/21343-1/127226.jpg,https://rebrickable.com/sets/21343-1/viking-village/
71792-1,Sora's Transforming Mech Bike Racer,2023,435,384,https://cdn.rebrickable.com/media/sets/71792-1/122279.jpg,https://rebrickable.com/sets/71792-1/soras-transforming-mech-bike-racer/
41748-1,Heartlake City Community Center,2023,494,1513,https://cdn.rebrickable.com/media/sets/41748-1/131314.jpg,https://rebrickable.com/sets/41748-1/heartlake-city-community-center/
910008-1,Modular Construction Site,2023,719,3374,https://cdn.rebrickable.com/media/sets/910008-1/118648.jpg,https://rebrickable.com/sets/910008-1/modular-construction-site/
71793-1,Heatwave Transforming Lava Dragon,2023,435,479,https://cdn.rebrickable.com/media/sets/71793-1/122273.jpg,https://rebrickable.com/sets/71793-1/heatwave-transforming-lava-dragon/
40601-1,Majisto’s Magical Workshop,2023,598,365,https://cdn.rebrickable.com/media/sets/40601-1/129456.jpg,https://rebrickable.com/sets/40601-1/majistos-magical-workshop/
71469-1,Nightmare Shark Ship,2023,749,1389,https://cdn.rebrickable.com/media/sets/71469-1/130351.jpg,https://rebrickable.com/sets/71469-1/nightmare-shark-ship/
11027-1,Creative Neon Fun,2023,621,333,https://cdn.rebrickable.com/media/sets/11027-1/132093.jpg,https://rebrickable.com/sets/11027-1/creative-neon-fun/
41805-1,Creative Animal Drawer,2023,688,643,https://cdn.rebrickable.com/media/sets/41805-1/131217.jpg,https://rebrickable.com/sets/41805-1/creative-animal-drawer/
75354-1,Coruscant Guard Gunship,2023,158,1083,https://cdn.rebrickable.com/media/sets/75354-1/125950.jpg,https://rebrickable.com/sets/75354-1/coruscant-guard-gunship/
40621-1,Moana & Merida,2023,610,410,https://cdn.rebrickable.com/media/sets/40621-1/131705.jpg,https://rebrickable.com/sets/40621-1/moana-merida/
76917-1,2 Fast 2 Furious Nissan Skyline GT-R (R34),2023,601,319,https://cdn.rebrickable.com/media/sets/76917-1/129886.jpg,https://rebrickable.com/sets/76917-1/2-fast-2-furious-nissan-skyline-gt-r-r34/
80044-1,Monkie Kid's Team Hideout,2023,693,1589,https://cdn.rebrickable.com/media/sets/80044-1/129834.jpg,https://rebrickable.com/sets/80044-1/monkie-kids-team-hideout/
76262-1,Captain America's Shield,2023,781,3128,https://cdn.rebrickable.com/media/sets/76262-1/129741.jpg,https://rebrickable.com/sets/76262-1/captain-americas-shield/
21342-1,The Insect Collection,2023,576,1111,https://cdn.rebrickable.com/media/sets/21342-1/126471.jpg,https://rebrickable.com/sets/21342-1/the-insect-collection/
80049-1,Dragon of the East Palace,2023,693,2371,https://cdn.rebrickable.com/media/sets/80049-1/121790.jpg,https://rebrickable.com/sets/80049-1/dragon-of-the-east-palace/
76420-1,Triwizard Tournament: The Black Lake,2023,246,349,https://cdn.rebrickable.com/media/sets/76420-1/129929.jpg,https://rebrickable.com/sets/76420-1/triwizard-tournament-the-black-lake/
76410-1,Slytherin House Banner,2023,246,349,https://cdn.rebrickable.com/media/sets/76410-1/129985.jpg,https://rebrickable.com/sets/76410-1/slytherin-house-banner/
76421-1,Dobby the House-Elf,2023,246,403,https://cdn.rebrickable.com/media/sets/76421-1/122506.jpg,https://rebrickable.com/sets/76421-1/dobby-the-house-elf/
11032-1,Creative Color Fun,2023,621,1500,https://cdn.rebrickable.com/media/sets/11032-1/125236.jpg,https://rebrickable.com/sets/11032-1/creative-color-fun/
76417-1,Gringotts Wizarding Bank – Collectors' Edition,2023,246,4809,https://cdn.rebrickable.com/media/sets/76417-1/127873.jpg,https://rebrickable.com/sets/76417-1/gringotts-wizarding-bank-collectors-edition/
60378-1,Arctic Explorer Truck and Mobile Lab,2023,65,489,https://cdn.rebrickable.com/media/sets/60378-1/130689.jpg,https://rebrickable.com/sets/60378-1/arctic-explorer-truck-and-mobile-lab/
21340-1,Tales of the Space Age,2023,576,690,https://cdn.rebrickable.com/media/sets/21340-1/120553.jpg,https://rebrickable.com/sets/21340-1/tales-of-the-space-age/
43229-1,Ariel's Treasure Chest,2023,608,370,https://cdn.rebrickable.com/media/sets/43229-1/121059.jpg,https://rebrickable.com/sets/43229-1/ariels-treasure-chest/
41741-1,Dog Rescue Van,2023,494,300,https://cdn.rebrickable.com/media/sets/41741-1/131548.jpg,https://rebrickable.com/sets/41741-1/dog-rescue-van/
40649-1,Up-Scaled LEGO Minifigure,2023,301,654,https://cdn.rebrickable.com/media/sets/40649-1/121814.jpg,https://rebrickable.com/sets/40649-1/up-scaled-lego-minifigure/
60398-1,Family House and Electric Car,2023,52,462,https://cdn.rebrickable.com/media/sets/60398-1/122714.jpg,https://rebrickable.com/sets/60398-1/family-house-and-electric-car/
71783-1,Kai's Mech Rider EVO,2023,435,323,https://cdn.rebrickable.com/media/sets/71783-1/130329.jpg,https://rebrickable.com/sets/71783-1/kais-mech-rider-evo/
80110-1,Lunar New Year Display,2023,686,872,https://cdn.rebrickable.com/media/sets/80110-1/130214.jpg,https://rebrickable.com/sets/80110-1/lunar-new-year-display/
75579-1,Payakan the Tulkun & Crabsuit,2023,724,761,https://cdn.rebrickable.com/media/sets/75579-1/130163.jpg,https://rebrickable.com/sets/75579-1/payakan-the-tulkun-crabsuit/
76266-1,Endgame Final Battle,2023,781,795,https://cdn.rebrickable.com/media/sets/76266-1/130009.jpg,https://rebrickable.com/sets/76266-1/endgame-final-battle/
76252-1,Batcave Shadowbox,2023,698,3989,https://cdn.rebrickable.com/media/sets/76252-1/122616.jpg,https://rebrickable.com/sets/76252-1/batcave-shadowbox/
41745-1,Autumn's Horse Stable,2023,494,545,https://cdn.rebrickable.com/media/sets/41745-1/131498.jpg,https://rebrickable.com/sets/41745-1/autumns-horse-stable/
10321-1,Corvette,2023,721,1210,https://cdn.rebrickable.com/media/sets/10321-1/125166.jpg,https://rebrickable.com/sets/10321-1/corvette/
10320-1,Eldorado Fortress,2023,721,2509,https://cdn.rebrickable.com/media/sets/10320-1/127861.jpg,https://rebrickable.com/sets/10320-1/eldorado-fortress/
40586-1,Moving Truck,2023,721,301,https://cdn.rebrickable.com/media/sets/40586-1/131402.jpg,https://rebrickable.com/sets/40586-1/moving-truck/
75352-1,Emperor's Throne Room Diorama,2023,158,807,https://cdn.rebrickable.com/media/sets/75352-1/119899.jpg,https://rebrickable.com/sets/75352-1/emperors-throne-room-diorama/
76414-1,Expecto Patronum,2023,246,754,https://cdn.rebrickable.com/media/sets/76414-1/129935.jpg,https://rebrickable.com/sets/76414-1/expecto-patronum/
11030-1,Lots of Bricks,2023,621,1000,https://cdn.rebrickable.com/media/sets/11030-1/132127.jpg,https://rebrickable.com/sets/11030-1/lots-of-bricks/
42153-1,NASCAR Next Gen Chevrolet Camaro ZL1,2023,1,672,https://cdn.rebrickable.com/media/sets/42153-1/131072.jpg,https://rebrickable.com/sets/42153-1/nascar-next-gen-chevrolet-camaro-zl1/
10318-1,Concorde,2023,721,2083,https://cdn.rebrickable.com/media/sets/10318-1/132335.jpg,https://rebrickable.com/sets/10318-1/concorde/
11029-1,Creative Party Box,2023,621,900,https://cdn.rebrickable.com/media/sets/11029-1/132117.jpg,https://rebrickable.com/sets/11029-1/creative-party-box/
11033-1,Creative Fantasy Universe,2023,621,1800,https://cdn.rebrickable.com/media/sets/11033-1/132079.jpg,https://rebrickable.com/sets/11033-1/creative-fantasy-universe/
76412-1,Hufflepuff House Banner,2023,246,313,https://cdn.rebrickable.com/media/sets/76412-1/129970.jpg,https://rebrickable.com/sets/76412-1/hufflepuff-house-banner/
10329-1,Tiny Plants,2023,769,758,https://cdn.rebrickable.com/media/sets/10329-1/128976.jpg,https://rebrickable.com/sets/10329-1/tiny-plants/
31208-1,Hokusai - The Great Wave,2023,709,1810,https://cdn.rebrickable.com/media/sets/31208-1/131769.jpg,https://rebrickable.com/sets/31208-1/hokusai-the-great-wave/
41731-1,Heartlake International School,2023,494,985,https://cdn.rebrickable.com/media/sets/41731-1/131821.jpg,https://rebrickable.com/sets/41731-1/heartlake-international-school/
76247-1,The Hulkbuster: The Battle of Wakanda,2023,781,385,https://cdn.rebrickable.com/media/sets/76247-1/130108.jpg,https://rebrickable.com/sets/76247-1/the-hulkbuster-the-battle-of-wakanda/
71418-1,Creativity Toolbox Maker Set,2023,690,588,https://cdn.rebrickable.com/media/sets/71418-1/130453.jpg,https://rebrickable.com/sets/71418-1/creativity-toolbox-maker-set/
76254-1,Baby Rocket's Ship,2023,704,330,https://cdn.rebrickable.com/media/sets/76254-1/130046.jpg,https://rebrickable.com/sets/76254-1/baby-rockets-ship/
42156-1,Peugeot 9X8 Le Mans Hybrid Hypercar,2023,1,1775,https://cdn.rebrickable.com/media/sets/42156-1/120602.jpg,https://rebrickable.com/sets/42156-1/peugeot-9x8-le-mans-hybrid-hypercar/
80043-1,Yellow Tusk Elephant,2023,693,851,https://cdn.rebrickable.com/media/sets/80043-1/129828.jpg,https://rebrickable.com/sets/80043-1/yellow-tusk-elephant/
42157-1,John Deere 948L-II Skidder,2023,1,1492,https://cdn.rebrickable.com/media/sets/42157-1/121932.jpg,https://rebrickable.com/sets/42157-1/john-deere-948l-ii-skidder/
41757-1,Botanical Garden,2023,494,1072,https://cdn.rebrickable.com/media/sets/41757-1/121752.jpg,https://rebrickable.com/sets/41757-1/botanical-garden/
TRADINGCARD-6,Harry Potter Trading Cards Series 1,2023,746,315,https://cdn.rebrickable.com/media/sets/tradingcard-6/128182.jpg,https://rebrickable.com/sets/TRADINGCARD-6/harry-potter-trading-cards-series-1/
42158-1,NASA Mars Rover Perseverance,2023,1,1132,https://cdn.rebrickable.com/media/sets/42158-1/123032.jpg,https://rebrickable.com/sets/42158-1/nasa-mars-rover-perseverance/
41737-1,Beach Amusement Park,2023,494,1348,https://cdn.rebrickable.com/media/sets/41737-1/122841.jpg,https://rebrickable.com/sets/41737-1/beach-amusement-park/
4000040-1,LEGO Fire Engine,2023,599,1056,https://cdn.rebrickable.com/media/sets/4000040-1/125735.jpg,https://rebrickable.com/sets/4000040-1/lego-fire-engine/
43224-1,King Magnifico's Castle,2023,608,613,https://cdn.rebrickable.com/media/sets/43224-1/127554.jpg,https://rebrickable.com/sets/43224-1/king-magnificos-castle/
40580-1,Blacktron Cruiser,2023,598,356,https://cdn.rebrickable.com/media/sets/40580-1/131757.jpg,https://rebrickable.com/sets/40580-1/blacktron-cruiser/
75367-1,Venator-Class Republic Attack Cruiser,2023,171,5381,https://cdn.rebrickable.com/media/sets/75367-1/127838.jpg,https://rebrickable.com/sets/75367-1/venator-class-republic-attack-cruiser/
75366-1,Star Wars Advent Calendar 2023,2023,209,320,https://cdn.rebrickable.com/media/sets/75366-1/123582.jpg,https://rebrickable.com/sets/75366-1/star-wars-advent-calendar-2023/
76261-1,Spider-Man Final Battle,2023,706,906,https://cdn.rebrickable.com/media/sets/76261-1/130017.jpg,https://rebrickable.com/sets/76261-1/spider-man-final-battle/
60371-1,Emergency Vehicles HQ,2023,52,706,https://cdn.rebrickable.com/media/sets/60371-1/130970.jpg,https://rebrickable.com/sets/60371-1/emergency-vehicles-hq/
60389-1,Custom Car Garage,2023,52,515,https://cdn.rebrickable.com/media/sets/60389-1/130646.jpg,https://rebrickable.com/sets/60389-1/custom-car-garage/
10316-1,Lord of the Rings: Rivendell,2023,721,6181,https://cdn.rebrickable.com/media/sets/10316-1/132394.jpg,https://rebrickable.com/sets/10316-1/lord-of-the-rings-rivendell/
21338-1,A-Frame Cabin,2023,576,2083,https://cdn.rebrickable.com/media/sets/21338-1/116515.jpg,https://rebrickable.com/sets/21338-1/a-frame-cabin/
76249-1,Venomized Groot,2023,696,630,https://cdn.rebrickable.com/media/sets/76249-1/123069.jpg,https://rebrickable.com/sets/76249-1/venomized-groot/
75577-1,Mako Submarine​,2023,724,553,https://cdn.rebrickable.com/media/sets/75577-1/130200.jpg,https://rebrickable.com/sets/75577-1/mako-submarine/
31139-1,Cozy House,2023,672,809,https://cdn.rebrickable.com/media/sets/31139-1/131915.jpg,https://rebrickable.com/sets/31139-1/cozy-house/
60361-1,Ultimate Stunt Riders Challenge,2023,744,385,https://cdn.rebrickable.com/media/sets/60361-1/130998.jpg,https://rebrickable.com/sets/60361-1/ultimate-stunt-riders-challenge/
76416-1,Quidditch Trunk,2023,246,599,https://cdn.rebrickable.com/media/sets/76416-1/123228.jpg,https://rebrickable.com/sets/76416-1/quidditch-trunk/
75349-1,Captain Rex Helmet,2023,158,854,https://cdn.rebrickable.com/media/sets/75349-1/130224.jpg,https://rebrickable.com/sets/75349-1/captain-rex-helmet/
75371-1,Chewbacca,2023,158,2319,https://cdn.rebrickable.com/media/sets/75371-1/129739.jpg,https://rebrickable.com/sets/75371-1/chewbacca/
10315-1,Tranquil Garden,2023,721,1363,https://cdn.rebrickable.com/media/sets/10315-1/132380.jpg,https://rebrickable.com/sets/10315-1/tranquil-garden/
41736-1,Sea Rescue Center,2023,494,376,https://cdn.rebrickable.com/media/sets/41736-1/131570.jpg,https://rebrickable.com/sets/41736-1/sea-rescue-center/
21249-1,The Crafting Box 4.0,2023,577,605,https://cdn.rebrickable.com/media/sets/21249-1/123509.jpg,https://rebrickable.com/sets/21249-1/the-crafting-box-40/
41734-1,Sea Rescue Boat,2023,494,717,https://cdn.rebrickable.com/media/sets/41734-1/131799.jpg,https://rebrickable.com/sets/41734-1/sea-rescue-boat/
71426-1,Piranha Plant,2023,690,540,https://cdn.rebrickable.com/media/sets/71426-1/128161.jpg,https://rebrickable.com/sets/71426-1/piranha-plant/
910011-1,1950s Diner,2023,719,1381,https://cdn.rebrickable.com/media/sets/910011-1/135433.jpg,https://rebrickable.com/sets/910011-1/1950s-diner/
76991-1,Tails' Workshop and Tornado Plane,2023,747,376,https://cdn.rebrickable.com/media/sets/76991-1/120819.jpg,https://rebrickable.com/sets/76991-1/tails-workshop-and-tornado-plane/
31141-1,Main Street,2023,672,1460,https://cdn.rebrickable.com/media/sets/31141-1/121603.jpg,https://rebrickable.com/sets/31141-1/main-street/
75351-1,Princess Leia (Boushh) Helmet,2023,158,670,https://cdn.rebrickable.com/media/sets/75351-1/129779.jpg,https://rebrickable.com/sets/75351-1/princess-leia-boushh-helmet/
21344-1,The Orient Express Train,2023,576,2544,https://cdn.rebrickable.com/media/sets/21344-1/129569.jpg,https://rebrickable.com/sets/21344-1/the-orient-express-train/
75578-1,Metkayina Reef Home,2023,724,529,https://cdn.rebrickable.com/media/sets/75578-1/130154.jpg,https://rebrickable.com/sets/75578-1/metkayina-reef-home/
76413-1,Hogwarts: Room of Requirement,2023,246,587,https://cdn.rebrickable.com/media/sets/76413-1/129957.jpg,https://rebrickable.com/sets/76413-1/hogwarts-room-of-requirement/
76960-1,Brachiosaurus Discovery,2023,602,512,https://cdn.rebrickable.com/media/sets/76960-1/129836.jpg,https://rebrickable.com/sets/76960-1/brachiosaurus-discovery/
60365-1,Apartment Building,2023,52,688,https://cdn.rebrickable.com/media/sets/60365-1/131056.jpg,https://rebrickable.com/sets/60365-1/apartment-building/
41743-1,Hair Salon,2023,494,401,https://cdn.rebrickable.com/media/sets/41743-1/131520.jpg,https://rebrickable.com/sets/41743-1/hair-salon/
10326-1,Natural History Museum,2023,155,4015,https://cdn.rebrickable.com/media/sets/10326-1/129017.jpg,https://rebrickable.com/sets/10326-1/natural-history-museum/
60388-1,Gaming Tournament Truck,2023,52,344,https://cdn.rebrickable.com/media/sets/60388-1/130857.jpg,https://rebrickable.com/sets/60388-1/gaming-tournament-truck/
41727-1,Dog Rescue Center,2023,494,617,https://cdn.rebrickable.com/media/sets/41727-1/131849.jpg,https://rebrickable.com/sets/41727-1/dog-rescue-center/
43215-1,The Enchanted Treehouse,2023,579,1016,https://cdn.rebrickable.com/media/sets/43215-1/120985.jpg,https://rebrickable.com/sets/43215-1/the-enchanted-treehouse/
41735-1,Mobile Tiny House,2023,494,785,https://cdn.rebrickable.com/media/sets/41735-1/131589.jpg,https://rebrickable.com/sets/41735-1/mobile-tiny-house/
60396-1,Modified Race Cars,2023,52,359,https://cdn.rebrickable.com/media/sets/60396-1/123504.jpg,https://rebrickable.com/sets/60396-1/modified-race-cars/
42146-1,Liebherr Crawler Crane LR 13000,2023,1,2883,https://cdn.rebrickable.com/media/sets/42146-1/125275.jpg,https://rebrickable.com/sets/42146-1/liebherr-crawler-crane-lr-13000/
11028-1,Creative Pastel Fun,2023,621,333,https://cdn.rebrickable.com/media/sets/11028-1/132099.jpg,https://rebrickable.com/sets/11028-1/creative-pastel-fun/
41811-1,Hogwarts Desktop Kit,2023,688,846,https://cdn.rebrickable.com/media/sets/41811-1/131178.jpg,https://rebrickable.com/sets/41811-1/hogwarts-desktop-kit/
910027-1,Mountain View Observatory,2023,719,3876,https://cdn.rebrickable.com/media/sets/910027-1/118671.jpg,https://rebrickable.com/sets/910027-1/mountain-view-observatory/
75350-1,Clone Commander Cody Helmet,2023,158,766,https://cdn.rebrickable.com/media/sets/75350-1/130220.jpg,https://rebrickable.com/sets/75350-1/clone-commander-cody-helmet/
76251-1,Star-Lord's Helmet,2023,781,602,https://cdn.rebrickable.com/media/sets/76251-1/130082.jpg,https://rebrickable.com/sets/76251-1/star-lords-helmet/
10325-1,Alpine Lodge,2023,227,1517,https://cdn.rebrickable.com/media/sets/10325-1/127993.jpg,https://rebrickable.com/sets/10325-1/alpine-lodge/
71427-1,Larry's and Morton’s Airships Expansion Set,2023,690,1062,https://cdn.rebrickable.com/media/sets/71427-1/125227.jpg,https://rebrickable.com/sets/71427-1/larrys-and-mortons-airships-expansion-set/
40657-1,Dream Village,2023,749,435,https://cdn.rebrickable.com/media/sets/40657-1/121736.jpg,https://rebrickable.com/sets/40657-1/dream-village/
75355-1,X-Wing Starfighter,2023,171,1949,https://cdn.rebrickable.com/media/sets/75355-1/119795.jpg,https://rebrickable.com/sets/75355-1/x-wing-starfighter/
75357-1,Ghost & Phantom II,2023,158,1394,https://cdn.rebrickable.com/media/sets/75357-1/125444.jpg,https://rebrickable.com/sets/75357-1/ghost-phantom-ii/
76269-1,Avengers Tower,2023,702,5202,https://cdn.rebrickable.com/media/sets/76269-1/129297.jpg,https://rebrickable.com/sets/76269-1/avengers-tower/
60379-1,Deep-Sea Explorer Submarine,2023,52,842,https://cdn.rebrickable.com/media/sets/60379-1/130664.jpg,https://rebrickable.com/sets/60379-1/deep-sea-explorer-submarine/
60357-1,Stunt Truck & Ring of Fire Challenge,2023,744,479,https://cdn.rebrickable.com/media/sets/60357-1/131032.jpg,https://rebrickable.com/sets/60357-1/stunt-truck-ring-of-fire-challenge/
21243-1,The Frozen Peaks,2023,577,304,https://cdn.rebrickable.com/media/sets/21243-1/132038.jpg,https://rebrickable.com/sets/21243-1/the-frozen-peaks/
60367-1,Passenger Airplane,2023,53,913,https://cdn.rebrickable.com/media/sets/60367-1/123632.jpg,https://rebrickable.com/sets/60367-1/passenger-airplane/
43226-1,Disney Duos,2023,608,553,https://cdn.rebrickable.com/media/sets/43226-1/121442.jpg,https://rebrickable.com/sets/43226-1/disney-duos/
71787-1,Creative Ninja Brick Box,2023,435,544,https://cdn.rebrickable.com/media/sets/71787-1/130310.jpg,https://rebrickable.com/sets/71787-1/creative-ninja-brick-box/
75364-1,New Republic E-Wing vs. Shin Hati’s Starfighter,2023,158,1056,https://cdn.rebrickable.com/media/sets/75364-1/125592.jpg,https://rebrickable.com/sets/75364-1/new-republic-e-wing-vs-shin-hatis-starfighter/
41759-1,Heartlake City Bus,2023,494,480,https://cdn.rebrickable.com/media/sets/41759-1/121435.jpg,https://rebrickable.com/sets/41759-1/heartlake-city-bus/
43230-1,Walt Disney Tribute Camera,2023,608,811,https://cdn.rebrickable.com/media/sets/43230-1/130704.jpg,https://rebrickable.com/sets/43230-1/walt-disney-tribute-camera/
76250-1,Wolverine's Adamantium Claws,2023,707,596,https://cdn.rebrickable.com/media/sets/76250-1/130088.jpg,https://rebrickable.com/sets/76250-1/wolverines-adamantium-claws/
43231-1,Asha's Cottage,2023,608,509,https://cdn.rebrickable.com/media/sets/43231-1/127565.jpg,https://rebrickable.com/sets/43231-1/ashas-cottage/
42162-1,Bugatti Bolide Agile Blue,2023,1,905,https://cdn.rebrickable.com/media/sets/42162-1/121906.jpg,https://rebrickable.com/sets/42162-1/bugatti-bolide-agile-blue/
40504-1,A Minifigure Tribute,2023,599,1041,https://cdn.rebrickable.com/media/sets/40504-1/118141.jpg,https://rebrickable.com/sets/40504-1/a-minifigure-tribute/
31209-1,The Amazing Spider-Man,2023,709,2099,https://cdn.rebrickable.com/media/sets/31209-1/131761.jpg,https://rebrickable.com/sets/31209-1/the-amazing-spider-man/
76992-1,Amy's Animal Rescue Island,2023,747,388,https://cdn.rebrickable.com/media/sets/76992-1/120850.jpg,https://rebrickable.com/sets/76992-1/amys-animal-rescue-island/
10788-1,Gabby's Dollhouse,2023,748,499,https://cdn.rebrickable.com/media/sets/10788-1/121432.jpg,https://rebrickable.com/sets/10788-1/gabbys-dollhouse/
71457-1,Pegasus Flying Horse,2023,749,482,https://cdn.rebrickable.com/media/sets/71457-1/130391.jpg,https://rebrickable.com/sets/71457-1/pegasus-flying-horse/
43222-1,Disney Castle,2023,608,4837,https://cdn.rebrickable.com/media/sets/43222-1/130721.jpg,https://rebrickable.com/sets/43222-1/disney-castle/
60395-1,Combo Race Pack,2023,52,362,https://cdn.rebrickable.com/media/sets/60395-1/123518.jpg,https://rebrickable.com/sets/60395-1/combo-race-pack/
40599-1,Houses of the World 4,2023,598,318,https://cdn.rebrickable.com/media/sets/40599-1/128439.jpg,https://rebrickable.com/sets/40599-1/houses-of-the-world-4/
31143-1,Birdhouse,2023,672,476,https://cdn.rebrickable.com/media/sets/31143-1/131781.jpg,https://rebrickable.com/sets/31143-1/birdhouse/
42155-1,The Batman - Batcycle,2023,1,641,https://cdn.rebrickable.com/media/sets/42155-1/131071.jpg,https://rebrickable.com/sets/42155-1/the-batman-batcycle/
75365-1,Yavin 4 Rebel Base,2023,158,1067,https://cdn.rebrickable.com/media/sets/75365-1/129751.jpg,https://rebrickable.com/sets/75365-1/yavin-4-rebel-base/
75362-1,Ahsoka Tano's T-6 Jedi Shuttle,2023,158,608,https://cdn.rebrickable.com/media/sets/75362-1/125575.jpg,https://rebrickable.com/sets/75362-1/ahsoka-tanos-t-6-jedi-shuttle/
71424-1,Donkey Kong's Tree House,2023,690,555,https://cdn.rebrickable.com/media/sets/71424-1/123296.jpg,https://rebrickable.com/sets/71424-1/donkey-kongs-tree-house/
60397-1,Monster Truck Race,2023,52,301,https://cdn.rebrickable.com/media/sets/60397-1/123494.jpg,https://rebrickable.com/sets/60397-1/monster-truck-race/
41806-1,Ultimate Party Kit,2023,688,1165,https://cdn.rebrickable.com/media/sets/41806-1/131214.jpg,https://rebrickable.com/sets/41806-1/ultimate-party-kit/
43232-1,Peter Pan & Wendy's Flight over London,2023,608,466,https://cdn.rebrickable.com/media/sets/43232-1/124922.jpg,https://rebrickable.com/sets/43232-1/peter-pan-wendys-flight-over-london/
43210-1,Moana's Wayfinding Boat,2023,579,321,https://cdn.rebrickable.com/media/sets/43210-1/130820.jpg,https://rebrickable.com/sets/43210-1/moanas-wayfinding-boat/
60380-1,Downtown,2023,52,2010,https://cdn.rebrickable.com/media/sets/60380-1/130656.jpg,https://rebrickable.com/sets/60380-1/downtown/
43221-1,100 Years of Disney Animation Icons,2023,608,1022,https://cdn.rebrickable.com/media/sets/43221-1/120933.jpg,https://rebrickable.com/sets/43221-1/100-years-of-disney-animation-icons/
71417-1,Fliprus Snow Adventure Expansion Set,2023,690,567,https://cdn.rebrickable.com/media/sets/71417-1/130456.jpg,https://rebrickable.com/sets/71417-1/fliprus-snow-adventure-expansion-set/
40620-1,Cruella & Maleficent,2023,610,320,https://cdn.rebrickable.com/media/sets/40620-1/131713.jpg,https://rebrickable.com/sets/40620-1/cruella-maleficent/
80045-1,Monkey King Ultra Mech,2023,693,1715,https://cdn.rebrickable.com/media/sets/80045-1/129797.jpg,https://rebrickable.com/sets/80045-1/monkey-king-ultra-mech/
80047-1,Mei's Guardian Dragon,2023,693,612,https://cdn.rebrickable.com/media/sets/80047-1/121800.jpg,https://rebrickable.com/sets/80047-1/meis-guardian-dragon/
76993-1,Sonic vs Dr Eggman's Death Egg Robot,2023,747,615,https://cdn.rebrickable.com/media/sets/76993-1/124999.jpg,https://rebrickable.com/sets/76993-1/sonic-vs-dr-eggmans-death-egg-robot/
75356-1,Executor Super Star Destroyer,2023,158,630,https://cdn.rebrickable.com/media/sets/75356-1/129771.jpg,https://rebrickable.com/sets/75356-1/executor-super-star-destroyer/
40648-1,Money Tree,2023,686,336,https://cdn.rebrickable.com/media/sets/40648-1/131639.jpg,https://rebrickable.com/sets/40648-1/money-tree/
60364-1,Street Skate Park,2023,52,454,https://cdn.rebrickable.com/media/sets/60364-1/122811.jpg,https://rebrickable.com/sets/60364-1/street-skate-park/
42151-1,Bugatti Bolide,2023,1,905,https://cdn.rebrickable.com/media/sets/42151-1/131096.jpg,https://rebrickable.com/sets/42151-1/bugatti-bolide/
21250-1,The Iron Golem Fortress,2023,577,868,https://cdn.rebrickable.com/media/sets/21250-1/123534.jpg,https://rebrickable.com/sets/21250-1/the-iron-golem-fortress/
10323-1,PAC-MAN Arcade,2023,721,2651,https://cdn.rebrickable.com/media/sets/10323-1/132286.jpg,https://rebrickable.com/sets/10323-1/pac-man-arcade/
71796-1,Elemental Dragon vs. The Empress Mech,2023,435,1039,https://cdn.rebrickable.com/media/sets/71796-1/122200.jpg,https://rebrickable.com/sets/71796-1/elemental-dragon-vs-the-empress-mech/
71785-1,Jay's Titan Mech,2023,435,798,https://cdn.rebrickable.com/media/sets/71785-1/130305.jpg,https://rebrickable.com/sets/71785-1/jays-titan-mech/
31138-1,Beach Camper Van,2023,672,556,https://cdn.rebrickable.com/media/sets/31138-1/131929.jpg,https://rebrickable.com/sets/31138-1/beach-camper-van/
42160-1,Audi RS Q e-tron,2023,1,914,https://cdn.rebrickable.com/media/sets/42160-1/123614.jpg,https://rebrickable.com/sets/42160-1/audi-rs-q-e-tron/
71423-1,Dry Bowser Castle Battle Expansion Set,2023,690,1321,https://cdn.rebrickable.com/media/sets/71423-1/118697.jpg,https://rebrickable.com/sets/71423-1/dry-bowser-castle-battle-expansion-set/
60374-1,Fire Command Truck,2023,58,502,https://cdn.rebrickable.com/media/sets/60374-1/130924.jpg,https://rebrickable.com/sets/60374-1/fire-command-truck/
41809-1,Hedwig Pencil Holder,2023,688,518,https://cdn.rebrickable.com/media/sets/41809-1/131174.jpg,https://rebrickable.com/sets/41809-1/hedwig-pencil-holder/
42152-1,Firefighter Aircraft,2023,1,1134,https://cdn.rebrickable.com/media/sets/42152-1/131095.jpg,https://rebrickable.com/sets/42152-1/firefighter-aircraft/
76257-1,Wolverine Construction Figure,2023,707,327,https://cdn.rebrickable.com/media/sets/76257-1/130069.jpg,https://rebrickable.com/sets/76257-1/wolverine-construction-figure/
71786-1,Zane's Ice Dragon Creature,2023,435,984,https://cdn.rebrickable.com/media/sets/71786-1/130316.jpg,https://rebrickable.com/sets/71786-1/zanes-ice-dragon-creature/
76265-1,Batwing: Batman vs. The Joker,2023,697,357,https://cdn.rebrickable.com/media/sets/76265-1/123094.jpg,https://rebrickable.com/sets/76265-1/batwing-batman-vs-the-joker/
41744-1,Sports Centre,2023,494,832,https://cdn.rebrickable.com/media/sets/41744-1/131509.jpg,https://rebrickable.com/sets/41744-1/sports-centre/
60368-1,Arctic Explorer Ship,2023,65,817,https://cdn.rebrickable.com/media/sets/60368-1/123173.jpg,https://rebrickable.com/sets/60368-1/arctic-explorer-ship/
76422-1,Diagon Alley Weasleys' Wizard Wheezes,2023,246,835,https://cdn.rebrickable.com/media/sets/76422-1/121826.jpg,https://rebrickable.com/sets/76422-1/diagon-alley-weasleys-wizard-wheezes/
910013-1,Retro Bowling Alley,2022,719,2793,https://cdn.rebrickable.com/media/sets/910013-1/106587.jpg,https://rebrickable.com/sets/910013-1/retro-bowling-alley/
76912-1,Fast & Furious 1970 Dodge Charger R/T,2022,601,345,https://cdn.rebrickable.com/media/sets/76912-1/104445.jpg,https://rebrickable.com/sets/76912-1/fast-furious-1970-dodge-charger-rt/
40564-1,Winter Elves Scene,2022,227,372,https://cdn.rebrickable.com/media/sets/40564-1/112406.jpg,https://rebrickable.com/sets/40564-1/winter-elves-scene/
60351-1,Rocket Launch Center,2022,52,1010,https://cdn.rebrickable.com/media/sets/60351-1/95378.jpg,https://rebrickable.com/sets/60351-1/rocket-launch-center/
11022-1,Space Mission,2022,621,1700,https://cdn.rebrickable.com/media/sets/11022-1/102256.jpg,https://rebrickable.com/sets/11022-1/space-mission/
71767-1,Ninja Dojo Temple,2022,435,1396,https://cdn.rebrickable.com/media/sets/71767-1/95427.jpg,https://rebrickable.com/sets/71767-1/ninja-dojo-temple/
75322-1,Hoth AT-ST,2022,158,586,https://cdn.rebrickable.com/media/sets/75322-1/94927.jpg,https://rebrickable.com/sets/75322-1/hoth-at-st/
80038-1,Monkie Kid's Team Van,2022,693,1406,https://cdn.rebrickable.com/media/sets/80038-1/101633.jpg,https://rebrickable.com/sets/80038-1/monkie-kids-team-van/
42138-1,Ford Mustang Shelby GT500,2022,1,544,https://cdn.rebrickable.com/media/sets/42138-1/95539.jpg,https://rebrickable.com/sets/42138-1/ford-mustang-shelby-gt500/
76402-1,Hogwarts: Dumbledore's Office,2022,246,651,https://cdn.rebrickable.com/media/sets/76402-1/100595.jpg,https://rebrickable.com/sets/76402-1/hogwarts-dumbledores-office/
11018-1,Creative Ocean Fun,2022,621,333,https://cdn.rebrickable.com/media/sets/11018-1/98094.jpg,https://rebrickable.com/sets/11018-1/creative-ocean-fun/
76408-1,12 Grimmauld Place,2022,246,1086,https://cdn.rebrickable.com/media/sets/76408-1/100577.jpg,https://rebrickable.com/sets/76408-1/12-grimmauld-place/
31204-1,Elvis Presley – The King,2022,709,3445,https://cdn.rebrickable.com/media/sets/31204-1/97962.jpg,https://rebrickable.com/sets/31204-1/elvis-presley-the-king/
80035-1,Monkie Kid's Galactic Explorer,2022,693,1356,https://cdn.rebrickable.com/media/sets/80035-1/95118.jpg,https://rebrickable.com/sets/80035-1/monkie-kids-galactic-explorer/
10307-1,Eiffel Tower,2022,721,10001,https://cdn.rebrickable.com/media/sets/10307-1/112417.jpg,https://rebrickable.com/sets/10307-1/eiffel-tower/
11021-1,90 Years of Play,2022,621,1100,https://cdn.rebrickable.com/media/sets/11021-1/100404.jpg,https://rebrickable.com/sets/11021-1/90-years-of-play/
31130-1,Sunken Treasure Mission,2022,672,522,https://cdn.rebrickable.com/media/sets/31130-1/102079.jpg,https://rebrickable.com/sets/31130-1/sunken-treasure-mission/
910015-1,Clockwork Aquarium,2022,719,876,https://cdn.rebrickable.com/media/sets/910015-1/106585.jpg,https://rebrickable.com/sets/910015-1/clockwork-aquarium/
75336-1,Inquisitor Transport Scythe,2022,158,924,https://cdn.rebrickable.com/media/sets/75336-1/103043.jpg,https://rebrickable.com/sets/75336-1/inquisitor-transport-scythe/
75334-1,Obi-Wan Kenobi vs. Darth Vader,2022,158,408,https://cdn.rebrickable.com/media/sets/75334-1/103527.jpg,https://rebrickable.com/sets/75334-1/obi-wan-kenobi-vs-darth-vader/
71765-1,Ninja Ultra Combo Mech,2022,435,1105,https://cdn.rebrickable.com/media/sets/71765-1/95447.jpg,https://rebrickable.com/sets/71765-1/ninja-ultra-combo-mech/
71400-1,Big Urchin Beach Ride Expansion Set,2022,690,536,https://cdn.rebrickable.com/media/sets/71400-1/94590.jpg,https://rebrickable.com/sets/71400-1/big-urchin-beach-ride-expansion-set/
60349-1,Lunar Space Station,2022,52,500,https://cdn.rebrickable.com/media/sets/60349-1/98009.jpg,https://rebrickable.com/sets/60349-1/lunar-space-station/
60320-1,Fire Station,2022,58,540,https://cdn.rebrickable.com/media/sets/60320-1/95493.jpg,https://rebrickable.com/sets/60320-1/fire-station/
41702-1,Canal Houseboat,2022,494,737,https://cdn.rebrickable.com/media/sets/41702-1/95472.jpg,https://rebrickable.com/sets/41702-1/canal-houseboat/
80036-1,The City of Lanterns,2022,693,2187,https://cdn.rebrickable.com/media/sets/80036-1/95103.jpg,https://rebrickable.com/sets/80036-1/the-city-of-lanterns/
41714-1,Andrea's Theater School,2022,494,1154,https://cdn.rebrickable.com/media/sets/41714-1/101988.jpg,https://rebrickable.com/sets/41714-1/andreas-theater-school/
42136-1,John Deere 9620R 4WD Tractor,2022,1,390,https://cdn.rebrickable.com/media/sets/42136-1/97935.jpg,https://rebrickable.com/sets/42136-1/john-deere-9620r-4wd-tractor/
10305-1,Lion Knights' Castle,2022,721,4515,https://cdn.rebrickable.com/media/sets/10305-1/152495.jpg,https://rebrickable.com/sets/10305-1/lion-knights-castle/
71766-1,Lloyd's Legendary Dragon,2022,435,747,https://cdn.rebrickable.com/media/sets/71766-1/95502.jpg,https://rebrickable.com/sets/71766-1/lloyds-legendary-dragon/
60347-1,Grocery Store,2022,52,404,https://cdn.rebrickable.com/media/sets/60347-1/101733.jpg,https://rebrickable.com/sets/60347-1/grocery-store/
71408-1,Peach's Castle Expansion Set,2022,690,1216,https://cdn.rebrickable.com/media/sets/71408-1/105728.jpg,https://rebrickable.com/sets/71408-1/peachs-castle-expansion-set/
71772-1,The Crystal King,2022,435,722,https://cdn.rebrickable.com/media/sets/71772-1/101678.jpg,https://rebrickable.com/sets/71772-1/the-crystal-king/
42144-1,Material Handler,2022,1,835,https://cdn.rebrickable.com/media/sets/42144-1/104332.jpg,https://rebrickable.com/sets/42144-1/material-handler/
43207-1,Ariel's Underwater Palace,2022,579,498,https://cdn.rebrickable.com/media/sets/43207-1/119196.jpg,https://rebrickable.com/sets/43207-1/ariels-underwater-palace/
10308-1,Holiday Main Street,2022,227,1516,https://cdn.rebrickable.com/media/sets/10308-1/110146.jpg,https://rebrickable.com/sets/10308-1/holiday-main-street/
75323-1,The Justifier,2022,158,1023,https://cdn.rebrickable.com/media/sets/75323-1/104051.jpg,https://rebrickable.com/sets/75323-1/the-justifier/
40521-1,Mini Disney The Haunted Mansion,2022,608,680,https://cdn.rebrickable.com/media/sets/40521-1/104399.jpg,https://rebrickable.com/sets/40521-1/mini-disney-the-haunted-mansion/
21189-1,The Skeleton Dungeon,2022,577,364,https://cdn.rebrickable.com/media/sets/21189-1/104060.jpg,https://rebrickable.com/sets/21189-1/the-skeleton-dungeon/
80034-1,Nezha's Fire Ring,2022,693,929,https://cdn.rebrickable.com/media/sets/80034-1/152552.jpg,https://rebrickable.com/sets/80034-1/nezhas-fire-ring/
21336-1,The Office,2022,576,1165,https://cdn.rebrickable.com/media/sets/21336-1/105200.jpg,https://rebrickable.com/sets/21336-1/the-office/
76211-1,Shuri's Sunbird,2022,696,355,https://cdn.rebrickable.com/media/sets/76211-1/106803.jpg,https://rebrickable.com/sets/76211-1/shuris-sunbird/
41947-1,Mickey & Friends Bracelets Mega Pack,2022,688,327,https://cdn.rebrickable.com/media/sets/41947-1/104521.jpg,https://rebrickable.com/sets/41947-1/mickey-friends-bracelets-mega-pack/
71773-1,Kai's Golden Dragon Raider,2022,435,635,https://cdn.rebrickable.com/media/sets/71773-1/101664.jpg,https://rebrickable.com/sets/71773-1/kais-golden-dragon-raider/
41717-1,Mia's Wildlife Rescue,2022,494,439,https://cdn.rebrickable.com/media/sets/41717-1/101969.jpg,https://rebrickable.com/sets/41717-1/mias-wildlife-rescue/
75573-1,Floating Mountains: Site 26 & RDA Samson,2022,724,887,https://cdn.rebrickable.com/media/sets/75573-1/105756.jpg,https://rebrickable.com/sets/75573-1/floating-mountains-site-26-rda-samson/
41964-1,Back To School Project Box,2022,688,659,https://cdn.rebrickable.com/media/sets/41964-1/104503.jpg,https://rebrickable.com/sets/41964-1/back-to-school-project-box/
76401-1,Hogwarts Courtyard: Sirius's Rescue,2022,246,343,https://cdn.rebrickable.com/media/sets/76401-1/100606.jpg,https://rebrickable.com/sets/76401-1/hogwarts-courtyard-siriuss-rescue/
75329-1,Death Star Trench Run Diorama,2022,158,665,https://cdn.rebrickable.com/media/sets/75329-1/100133.jpg,https://rebrickable.com/sets/75329-1/death-star-trench-run-diorama/
71411-1,The Mighty Bowser,2022,690,2807,https://cdn.rebrickable.com/media/sets/71411-1/104617.jpg,https://rebrickable.com/sets/71411-1/the-mighty-bowser/
40565-1,Santa's Workshop,2022,227,329,https://cdn.rebrickable.com/media/sets/40565-1/113180.jpg,https://rebrickable.com/sets/40565-1/santas-workshop/
80039-1,The Heavenly Realms,2022,693,2438,https://cdn.rebrickable.com/media/sets/80039-1/101631.jpg,https://rebrickable.com/sets/80039-1/the-heavenly-realms/
76213-1,King Namor's Throne Room,2022,696,355,https://cdn.rebrickable.com/media/sets/76213-1/106780.jpg,https://rebrickable.com/sets/76213-1/king-namors-throne-room/
75571-1,Neytiri & Thanator vs. AMP Suit Quaritch,2022,724,560,https://cdn.rebrickable.com/media/sets/75571-1/105781.jpg,https://rebrickable.com/sets/75571-1/neytiri-thanator-vs-amp-suit-quaritch/
71775-1,Nya's Samurai X MECH,2022,435,1014,https://cdn.rebrickable.com/media/sets/71775-1/101643.jpg,https://rebrickable.com/sets/71775-1/nyas-samurai-x-mech/
60347-2,ASDA Grocery Store,2022,52,405,https://cdn.rebrickable.com/media/sets/60347-2/114152.jpg,https://rebrickable.com/sets/60347-2/asda-grocery-store/
80037-1,Dragon of the East,2022,693,880,https://cdn.rebrickable.com/media/sets/80037-1/101638.jpg,https://rebrickable.com/sets/80037-1/dragon-of-the-east/
41708-1,Roller Disco Arcade,2022,494,642,https://cdn.rebrickable.com/media/sets/41708-1/102031.jpg,https://rebrickable.com/sets/41708-1/roller-disco-arcade/
41720-1,Water Park,2022,494,373,https://cdn.rebrickable.com/media/sets/41720-1/101932.jpg,https://rebrickable.com/sets/41720-1/water-park/
41709-1,Vacation Beach House,2022,494,686,https://cdn.rebrickable.com/media/sets/41709-1/97977.jpg,https://rebrickable.com/sets/41709-1/vacation-beach-house/
76210-1,Hulkbuster,2022,781,4049,https://cdn.rebrickable.com/media/sets/76210-1/111022.jpg,https://rebrickable.com/sets/76210-1/hulkbuster/
76215-1,Black Panther,2022,696,2961,https://cdn.rebrickable.com/media/sets/76215-1/109029.jpg,https://rebrickable.com/sets/76215-1/black-panther/
76209-1,Thor's Hammer,2022,781,979,https://cdn.rebrickable.com/media/sets/76209-1/98319.jpg,https://rebrickable.com/sets/76209-1/thors-hammer/
10299-1,Real Madrid – Santiago Bernabéu Stadium,2022,721,5876,https://cdn.rebrickable.com/media/sets/10299-1/98813.jpg,https://rebrickable.com/sets/10299-1/real-madrid-santiago-bernabéu-stadium/
4000038-1,LEGO Campus,2022,599,1494,https://cdn.rebrickable.com/media/sets/4000038-1/117949.jpg,https://rebrickable.com/sets/4000038-1/lego-campus/
40541-1,Manchester United Go Brick Me,2022,610,530,https://cdn.rebrickable.com/media/sets/40541-1/141990.jpg,https://rebrickable.com/sets/40541-1/manchester-united-go-brick-me/
75325-1,The Mandalorian's N-1 Starfighter,2022,158,412,https://cdn.rebrickable.com/media/sets/75325-1/98778.jpg,https://rebrickable.com/sets/75325-1/the-mandalorians-n-1-starfighter/
10298-1,Vespa 125,2022,721,1107,https://cdn.rebrickable.com/media/sets/10298-1/99353.jpg,https://rebrickable.com/sets/10298-1/vespa-125/
10302-1,Optimus Prime,2022,721,1508,https://cdn.rebrickable.com/media/sets/10302-1/102780.jpg,https://rebrickable.com/sets/10302-1/optimus-prime/
21186-1,The Ice Castle,2022,577,499,https://cdn.rebrickable.com/media/sets/21186-1/102109.jpg,https://rebrickable.com/sets/21186-1/the-ice-castle/
41722-1,Horse Show Trailer,2022,494,1004,https://cdn.rebrickable.com/media/sets/41722-1/102326.jpg,https://rebrickable.com/sets/41722-1/horse-show-trailer/
60314-1,Ice Cream Truck Police Chase,2022,61,319,https://cdn.rebrickable.com/media/sets/60314-1/95628.jpg,https://rebrickable.com/sets/60314-1/ice-cream-truck-police-chase/
21058-1,Great Pyramid of Giza,2022,252,1476,https://cdn.rebrickable.com/media/sets/21058-1/102703.jpg,https://rebrickable.com/sets/21058-1/great-pyramid-of-giza/
75337-1,AT-TE Walker,2022,158,1082,https://cdn.rebrickable.com/media/sets/75337-1/103975.jpg,https://rebrickable.com/sets/75337-1/at-te-walker/
21185-1,The Nether Bastion,2022,577,300,https://cdn.rebrickable.com/media/sets/21185-1/102114.jpg,https://rebrickable.com/sets/21185-1/the-nether-bastion/
75572-1,Jake & Neytiri's First Banshee Flight,2022,724,578,https://cdn.rebrickable.com/media/sets/75572-1/105769.jpg,https://rebrickable.com/sets/75572-1/jake-neytiris-first-banshee-flight/
76218-1,Sanctum Sanctorum,2022,781,2713,https://cdn.rebrickable.com/media/sets/76218-1/104030.jpg,https://rebrickable.com/sets/76218-1/sanctum-sanctorum/
45820-1,SUPERPOWERED Challenge Kit,2022,398,2179,https://cdn.rebrickable.com/media/sets/45820-1/106135.jpg,https://rebrickable.com/sets/45820-1/superpowered-challenge-kit/
21335-1,Motorized Lighthouse,2022,576,2065,https://cdn.rebrickable.com/media/sets/21335-1/107884.jpg,https://rebrickable.com/sets/21335-1/motorized-lighthouse/
41948-1,Cute Banana Pen Holder,2022,688,440,https://cdn.rebrickable.com/media/sets/41948-1/95891.jpg,https://rebrickable.com/sets/41948-1/cute-banana-pen-holder/
75335-1,BD-1,2022,158,1062,https://cdn.rebrickable.com/media/sets/75335-1/103101.jpg,https://rebrickable.com/sets/75335-1/bd-1/
21057-1,Singapore,2022,253,830,https://cdn.rebrickable.com/media/sets/21057-1/95276.jpg,https://rebrickable.com/sets/21057-1/singapore/
21187-1,The Red Barn,2022,577,799,https://cdn.rebrickable.com/media/sets/21187-1/102105.jpg,https://rebrickable.com/sets/21187-1/the-red-barn/
21190-1,The Abandoned Village,2022,577,422,https://cdn.rebrickable.com/media/sets/21190-1/104046.jpg,https://rebrickable.com/sets/21190-1/the-abandoned-village/
75340-1,Star Wars Advent Calendar 2022,2022,209,329,https://cdn.rebrickable.com/media/sets/75340-1/151312.jpg,https://rebrickable.com/sets/75340-1/star-wars-advent-calendar-2022/
76398-1,Hogwarts Hospital Wing,2022,246,509,https://cdn.rebrickable.com/media/sets/76398-1/97002.jpg,https://rebrickable.com/sets/76398-1/hogwarts-hospital-wing/
910023-1,Venetian Houses,2022,719,3462,https://cdn.rebrickable.com/media/sets/910023-1/106588.jpg,https://rebrickable.com/sets/910023-1/venetian-houses/
40560-1,Professors of Hogwarts,2022,610,601,https://cdn.rebrickable.com/media/sets/40560-1/101327.jpg,https://rebrickable.com/sets/40560-1/professors-of-hogwarts/
76399-1,Hogwarts Magical Trunk,2022,246,602,https://cdn.rebrickable.com/media/sets/76399-1/95344.jpg,https://rebrickable.com/sets/76399-1/hogwarts-magical-trunk/
41707-1,Tree-Planting Vehicle,2022,494,336,https://cdn.rebrickable.com/media/sets/41707-1/95663.jpg,https://rebrickable.com/sets/41707-1/tree-planting-vehicle/
71407-1,Cat Peach Suit and Frozen Tower Expansion Set,2022,690,494,https://cdn.rebrickable.com/media/sets/71407-1/105721.jpg,https://rebrickable.com/sets/71407-1/cat-peach-suit-and-frozen-tower-expansion-set/
71771-1,The Crystal King Temple,2022,435,710,https://cdn.rebrickable.com/media/sets/71771-1/101686.jpg,https://rebrickable.com/sets/71771-1/the-crystal-king-temple/
41950-1,Lots of DOTS – Lettering,2022,688,722,https://cdn.rebrickable.com/media/sets/41950-1/98117.jpg,https://rebrickable.com/sets/41950-1/lots-of-dots-lettering/
31131-1,Downtown Noodle Shop,2022,672,569,https://cdn.rebrickable.com/media/sets/31131-1/102076.jpg,https://rebrickable.com/sets/31131-1/downtown-noodle-shop/
71764-1,Ninja Training Center,2022,435,524,https://cdn.rebrickable.com/media/sets/71764-1/98029.jpg,https://rebrickable.com/sets/71764-1/ninja-training-center/
80033-1,Evil Macaque's Mech,2022,693,899,https://cdn.rebrickable.com/media/sets/80033-1/95229.jpg,https://rebrickable.com/sets/80033-1/evil-macaques-mech/
60329-1,School Day,2022,52,433,https://cdn.rebrickable.com/media/sets/60329-1/95511.jpg,https://rebrickable.com/sets/60329-1/school-day/
41951-1,Message Board,2022,688,533,https://cdn.rebrickable.com/media/sets/41951-1/98124.jpg,https://rebrickable.com/sets/41951-1/message-board/
40546-1,Poodle,2022,610,304,https://cdn.rebrickable.com/media/sets/40546-1/104428.jpg,https://rebrickable.com/sets/40546-1/poodle/
76217-1,I Am Groot,2022,781,476,https://cdn.rebrickable.com/media/sets/76217-1/101304.jpg,https://rebrickable.com/sets/76217-1/i-am-groot/
76910-1,Aston Martin Valkyrie AMR Pro and Aston Martin Vantage GT3,2022,601,595,https://cdn.rebrickable.com/media/sets/76910-1/97867.jpg,https://rebrickable.com/sets/76910-1/aston-martin-valkyrie-amr-pro-and-aston-martin-vantage-gt3/
80111-1,Lunar New Year Parade,2022,686,1655,https://cdn.rebrickable.com/media/sets/80111-1/112024.jpg,https://rebrickable.com/sets/80111-1/lunar-new-year-parade/
40527-1,Easter Chicks,2022,229,318,https://cdn.rebrickable.com/media/sets/40527-1/100151.jpg,https://rebrickable.com/sets/40527-1/easter-chicks/
10309-1,Succulents,2022,769,771,https://cdn.rebrickable.com/media/sets/10309-1/148021.jpg,https://rebrickable.com/sets/10309-1/succulents/
60345-1,Farmers Market Van,2022,57,310,https://cdn.rebrickable.com/media/sets/60345-1/101738.jpg,https://rebrickable.com/sets/60345-1/farmers-market-van/
42137-1,Formula E Porsche 99X Electric,2022,1,422,https://cdn.rebrickable.com/media/sets/42137-1/95547.jpg,https://rebrickable.com/sets/42137-1/formula-e-porsche-99x-electric/
43203-1,"Aurora, Merida and Tiana's Enchanted Creations",2022,579,558,https://cdn.rebrickable.com/media/sets/43203-1/95483.jpg,https://rebrickable.com/sets/43203-1/aurora-merida-and-tianas-enchanted-creations/
41959-1,Cute Panda Tray,2022,688,519,https://cdn.rebrickable.com/media/sets/41959-1/101874.jpg,https://rebrickable.com/sets/41959-1/cute-panda-tray/
42143-1,Ferrari Daytona SP3,2022,1,3778,https://cdn.rebrickable.com/media/sets/42143-1/103001.jpg,https://rebrickable.com/sets/42143-1/ferrari-daytona-sp3/
71401-1,Luigi's Mansion Haunt-and-Seek Expansion Set,2022,690,877,https://cdn.rebrickable.com/media/sets/71401-1/94300.jpg,https://rebrickable.com/sets/71401-1/luigis-mansion-haunt-and-seek-expansion-set/
76223-1,Nano Gauntlet,2022,781,675,https://cdn.rebrickable.com/media/sets/76223-1/103313.jpg,https://rebrickable.com/sets/76223-1/nano-gauntlet/
76216-1,Iron Man Armory,2022,781,509,https://cdn.rebrickable.com/media/sets/76216-1/101372.jpg,https://rebrickable.com/sets/76216-1/iron-man-armory/
75327-1,Luke Skywalker (Red Five) Helmet,2022,158,675,https://cdn.rebrickable.com/media/sets/75327-1/98390.jpg,https://rebrickable.com/sets/75327-1/luke-skywalker-red-five-helmet/
75339-1,Death Star Trash Compactor Diorama,2022,158,802,https://cdn.rebrickable.com/media/sets/75339-1/100113.jpg,https://rebrickable.com/sets/75339-1/death-star-trash-compactor-diorama/
31205-1,Jim Lee Batman Collection,2022,709,4167,https://cdn.rebrickable.com/media/sets/31205-1/97795.jpg,https://rebrickable.com/sets/31205-1/jim-lee-batman-collection/
41721-1,Organic Farm,2022,494,826,https://cdn.rebrickable.com/media/sets/41721-1/101925.jpg,https://rebrickable.com/sets/41721-1/organic-farm/
40528-1,LEGO Store,2022,408,402,https://cdn.rebrickable.com/media/sets/40528-1/105886.jpg,https://rebrickable.com/sets/40528-1/lego-store/
60350-1,Lunar Research Base,2022,52,794,https://cdn.rebrickable.com/media/sets/60350-1/95418.jpg,https://rebrickable.com/sets/60350-1/lunar-research-base/
75341-1,Luke Skywalker's Landspeeder,2022,171,1890,https://cdn.rebrickable.com/media/sets/75341-1/147895.jpg,https://rebrickable.com/sets/75341-1/luke-skywalkers-landspeeder/
60336-1,Freight Train,2022,66,1153,https://cdn.rebrickable.com/media/sets/60336-1/101604.jpg,https://rebrickable.com/sets/60336-1/freight-train/
60337-1,Express Passenger Train,2022,66,764,https://cdn.rebrickable.com/media/sets/60337-1/101607.jpg,https://rebrickable.com/sets/60337-1/express-passenger-train/
60315-1,Police Mobile Command Truck,2022,61,436,https://cdn.rebrickable.com/media/sets/60315-1/95599.jpg,https://rebrickable.com/sets/60315-1/police-mobile-command-truck/
41952-1,Big Message Board,2022,688,943,https://cdn.rebrickable.com/media/sets/41952-1/98358.jpg,https://rebrickable.com/sets/41952-1/big-message-board/
21334-1,Jazz Quartet,2022,576,1606,https://cdn.rebrickable.com/media/sets/21334-1/103743.jpg,https://rebrickable.com/sets/21334-1/jazz-quartet/
41718-1,Pet Day-Care Center,2022,494,593,https://cdn.rebrickable.com/media/sets/41718-1/97999.jpg,https://rebrickable.com/sets/41718-1/pet-day-care-center/
76956-1,T. rex Breakout,2022,602,1212,https://cdn.rebrickable.com/media/sets/76956-1/142003.jpg,https://rebrickable.com/sets/76956-1/t-rex-breakout/
80031-1,Mei's Dragon Car,2022,693,456,https://cdn.rebrickable.com/media/sets/80031-1/95140.jpg,https://rebrickable.com/sets/80031-1/meis-dragon-car/
41960-1,Big Box,2022,688,479,https://cdn.rebrickable.com/media/sets/41960-1/101873.jpg,https://rebrickable.com/sets/41960-1/big-box/
31207-1,Floral Art,2022,709,2870,https://cdn.rebrickable.com/media/sets/31207-1/103999.jpg,https://rebrickable.com/sets/31207-1/floral-art/
40573-1,Christmas Tree,2022,227,784,https://cdn.rebrickable.com/media/sets/40573-1/106765.jpg,https://rebrickable.com/sets/40573-1/christmas-tree/
75338-1,Ambush on Ferrix,2022,158,679,https://cdn.rebrickable.com/media/sets/75338-1/103088.jpg,https://rebrickable.com/sets/75338-1/ambush-on-ferrix/
41700-1,Beach Glamping,2022,494,391,https://cdn.rebrickable.com/media/sets/41700-1/95974.jpg,https://rebrickable.com/sets/41700-1/beach-glamping/
60313-1,Space Ride Amusement Truck,2022,52,433,https://cdn.rebrickable.com/media/sets/60313-1/101836.jpg,https://rebrickable.com/sets/60313-1/space-ride-amusement-truck/
43205-1,Ultimate Adventure Castle,2022,579,698,https://cdn.rebrickable.com/media/sets/43205-1/103382.jpg,https://rebrickable.com/sets/43205-1/ultimate-adventure-castle/
42141-2,McLaren Formula 1 Team 2022 (Second Edition),2022,1,1432,https://cdn.rebrickable.com/media/sets/42141-2/100492.jpg,https://rebrickable.com/sets/42141-2/mclaren-formula-1-team-2022-second-edition/
76948-1,T. rex & Atrociraptor Dinosaur Breakout,2022,602,466,https://cdn.rebrickable.com/media/sets/76948-1/98856.jpg,https://rebrickable.com/sets/76948-1/t-rex-atrociraptor-dinosaur-breakout/
71399-1,Luigi's Mansion Entryway Expansion Set,2022,690,504,https://cdn.rebrickable.com/media/sets/71399-1/95086.jpg,https://rebrickable.com/sets/71399-1/luigis-mansion-entryway-expansion-set/
10306-1,Atari 2600,2022,721,2532,https://cdn.rebrickable.com/media/sets/10306-1/105658.jpg,https://rebrickable.com/sets/10306-1/atari-2600/
76949-1,Giganotosaurus & Therizinosaurus Attack,2022,602,810,https://cdn.rebrickable.com/media/sets/76949-1/100890.jpg,https://rebrickable.com/sets/76949-1/giganotosaurus-therizinosaurus-attack/
21183-1,The Training Grounds,2022,577,534,https://cdn.rebrickable.com/media/sets/21183-1/95520.jpg,https://rebrickable.com/sets/21183-1/the-training-grounds/
40561-1,Pencil Holder,2022,688,476,https://cdn.rebrickable.com/media/sets/40561-1/106719.jpg,https://rebrickable.com/sets/40561-1/pencil-holder/
60339-1,Double Loop Stunt Arena,2022,744,598,https://cdn.rebrickable.com/media/sets/60339-1/101782.jpg,https://rebrickable.com/sets/60339-1/double-loop-stunt-arena/
10303-1,Loop Coaster,2022,721,3756,https://cdn.rebrickable.com/media/sets/10303-1/141978.jpg,https://rebrickable.com/sets/10303-1/loop-coaster/
71403-1,Adventures with Peach Starter Course,2022,690,354,https://cdn.rebrickable.com/media/sets/71403-1/105693.jpg,https://rebrickable.com/sets/71403-1/adventures-with-peach-starter-course/
71774-1,Lloyd's Golden Ultra Dragon,2022,435,1002,https://cdn.rebrickable.com/media/sets/71774-1/101654.jpg,https://rebrickable.com/sets/71774-1/lloyds-golden-ultra-dragon/
4002022-1,10 Years Of Friendship,2022,494,1211,https://cdn.rebrickable.com/media/sets/4002022-1/115278.jpg,https://rebrickable.com/sets/4002022-1/10-years-of-friendship/
76175-1,Attack on the Spider Lair,2021,706,482,https://cdn.rebrickable.com/media/sets/76175-1/78838.jpg,https://rebrickable.com/sets/76175-1/attack-on-the-spider-lair/
21226-1,Art Project - Create Together,2021,709,4138,https://cdn.rebrickable.com/media/sets/21226-1/93814.jpg,https://rebrickable.com/sets/21226-1/art-project-create-together/
76392-1,Hogwarts Wizard's Chess,2021,246,873,https://cdn.rebrickable.com/media/sets/76392-1/86297.jpg,https://rebrickable.com/sets/76392-1/hogwarts-wizards-chess/
21056-1,Taj Mahal,2021,252,2024,https://cdn.rebrickable.com/media/sets/21056-1/88317.jpg,https://rebrickable.com/sets/21056-1/taj-mahal/
40499-1,Santa's Sleigh,2021,227,343,https://cdn.rebrickable.com/media/sets/40499-1/92511.jpg,https://rebrickable.com/sets/40499-1/santas-sleigh/
76196-1,Marvel The Avengers Advent Calendar 2021,2021,751,325,https://cdn.rebrickable.com/media/sets/76196-1/90643.jpg,https://rebrickable.com/sets/76196-1/marvel-the-avengers-advent-calendar-2021/
10292-1,Friends - The Apartments,2021,721,2048,https://cdn.rebrickable.com/media/sets/10292-1/87039.jpg,https://rebrickable.com/sets/10292-1/friends-the-apartments/
42126-1,Ford F-150 Raptor,2021,1,1379,https://cdn.rebrickable.com/media/sets/42126-1/89701.jpg,https://rebrickable.com/sets/42126-1/ford-f-150-raptor/
43115-1,The Boombox,2021,713,982,https://cdn.rebrickable.com/media/sets/43115-1/86694.jpg,https://rebrickable.com/sets/43115-1/the-boombox/
45681-1,SPIKE Prime Expansion Set (v2),2021,509,604,https://cdn.rebrickable.com/media/sets/45681-1/90505.jpg,https://rebrickable.com/sets/45681-1/spike-prime-expansion-set-v2/
75296-1,Darth Vader Meditation Chamber,2021,158,663,https://cdn.rebrickable.com/media/sets/75296-1/88670.jpg,https://rebrickable.com/sets/75296-1/darth-vader-meditation-chamber/
76901-1,Toyota GR Supra,2021,601,302,https://cdn.rebrickable.com/media/sets/76901-1/87532.jpg,https://rebrickable.com/sets/76901-1/toyota-gr-supra/
76193-1,The Guardians' Ship,2021,781,1901,https://cdn.rebrickable.com/media/sets/76193-1/88402.jpg,https://rebrickable.com/sets/76193-1/the-guardians-ship/
10283-1,NASA Space Shuttle Discovery,2021,721,2355,https://cdn.rebrickable.com/media/sets/10283-1/85093.jpg,https://rebrickable.com/sets/10283-1/nasa-space-shuttle-discovery/
31120-1,Medieval Castle,2021,672,1426,https://cdn.rebrickable.com/media/sets/31120-1/87267.jpg,https://rebrickable.com/sets/31120-1/medieval-castle/
80022-1,Spider Queen's Arachnoid Base,2021,693,1170,https://cdn.rebrickable.com/media/sets/80022-1/83038.jpg,https://rebrickable.com/sets/80022-1/spider-queens-arachnoid-base/
76239-1,Batmobile Tumbler: Scarecrow Showdown,2021,697,422,https://cdn.rebrickable.com/media/sets/76239-1/91482.jpg,https://rebrickable.com/sets/76239-1/batmobile-tumbler-scarecrow-showdown/
71747-1,The Keeper's Village,2021,435,643,https://cdn.rebrickable.com/media/sets/71747-1/81640.jpg,https://rebrickable.com/sets/71747-1/the-keepers-village/
21327-1,Typewriter,2021,576,2080,https://cdn.rebrickable.com/media/sets/21327-1/89136.jpg,https://rebrickable.com/sets/21327-1/typewriter/
10294-1,Titanic,2021,721,9092,https://cdn.rebrickable.com/media/sets/10294-1/93446.jpg,https://rebrickable.com/sets/10294-1/titanic/
60291-1,Family House,2021,52,388,https://cdn.rebrickable.com/media/sets/60291-1/77024.jpg,https://rebrickable.com/sets/60291-1/family-house/
910016-1,Sheriff's Safe,2021,719,578,https://cdn.rebrickable.com/media/sets/910016-1/96132.jpg,https://rebrickable.com/sets/910016-1/sheriffs-safe/
71754-1,Water Dragon,2021,435,737,https://cdn.rebrickable.com/media/sets/71754-1/88020.jpg,https://rebrickable.com/sets/71754-1/water-dragon/
40477-1,"Scrooge McDuck, Huey, Dewey & Louie",2021,610,340,https://cdn.rebrickable.com/media/sets/40477-1/87615.jpg,https://rebrickable.com/sets/40477-1/scrooge-mcduck-huey-dewey-louie/
76174-1,Spider-Man's Monster Truck vs. Mysterio,2021,706,447,https://cdn.rebrickable.com/media/sets/76174-1/75882.jpg,https://rebrickable.com/sets/76174-1/spider-mans-monster-truck-vs-mysterio/
76240-1,Batmobile Tumbler,2021,698,2049,https://cdn.rebrickable.com/media/sets/76240-1/91494.jpg,https://rebrickable.com/sets/76240-1/batmobile-tumbler/
31202-1,Disney's Mickey Mouse,2021,709,2658,https://cdn.rebrickable.com/media/sets/31202-1/76244.jpg,https://rebrickable.com/sets/31202-1/disneys-mickey-mouse/
60292-1,Town Center,2021,52,791,https://cdn.rebrickable.com/media/sets/60292-1/77008.jpg,https://rebrickable.com/sets/60292-1/town-center/
76192-1,Avengers: Endgame Final Battle,2021,781,537,https://cdn.rebrickable.com/media/sets/76192-1/88437.jpg,https://rebrickable.com/sets/76192-1/avengers-endgame-final-battle/
76393-1,Harry Potter & Hermione Granger,2021,246,1673,https://cdn.rebrickable.com/media/sets/76393-1/86370.jpg,https://rebrickable.com/sets/76393-1/harry-potter-hermione-granger/
76194-1,Tony Stark's Sakaarian Iron Man,2021,696,369,https://cdn.rebrickable.com/media/sets/76194-1/89110.jpg,https://rebrickable.com/sets/76194-1/tony-starks-sakaarian-iron-man/
80108-1,Lunar New Year Traditions,2021,686,1066,https://cdn.rebrickable.com/media/sets/80108-1/94741.jpg,https://rebrickable.com/sets/80108-1/lunar-new-year-traditions/
10290-1,Pickup Truck,2021,721,1678,https://cdn.rebrickable.com/media/sets/10290-1/89658.jpg,https://rebrickable.com/sets/10290-1/pickup-truck/
42121-1,Heavy-Duty Excavator,2021,1,569,https://cdn.rebrickable.com/media/sets/42121-1/81368.jpg,https://rebrickable.com/sets/42121-1/heavy-duty-excavator/
75312-1,Boba Fett's Starship,2021,158,593,https://cdn.rebrickable.com/media/sets/75312-1/89531.jpg,https://rebrickable.com/sets/75312-1/boba-fetts-starship/
75306-1,Imperial Probe Droid,2021,158,693,https://cdn.rebrickable.com/media/sets/75306-1/85204.jpg,https://rebrickable.com/sets/75306-1/imperial-probe-droid/
71389-1,Lakitu Sky World Expansion Set,2021,690,484,https://cdn.rebrickable.com/media/sets/71389-1/89359.jpg,https://rebrickable.com/sets/71389-1/lakitu-sky-world-expansion-set/
45401-1,BricQ Motion Essential,2021,507,523,https://cdn.rebrickable.com/media/sets/45401-1/79527.jpg,https://rebrickable.com/sets/45401-1/bricq-motion-essential/
40478-1,Mini Disney Castle,2021,608,567,https://cdn.rebrickable.com/media/sets/40478-1/92517.jpg,https://rebrickable.com/sets/40478-1/mini-disney-castle/
31118-1,Surfer Beach House,2021,672,564,https://cdn.rebrickable.com/media/sets/31118-1/77624.jpg,https://rebrickable.com/sets/31118-1/surfer-beach-house/
76188-1,Batman Classic TV Series Batmobile,2021,697,345,https://cdn.rebrickable.com/media/sets/76188-1/85774.jpg,https://rebrickable.com/sets/76188-1/batman-classic-tv-series-batmobile/
76387-1,Hogwarts: Fluffy Encounter,2021,246,395,https://cdn.rebrickable.com/media/sets/76387-1/86325.jpg,https://rebrickable.com/sets/76387-1/hogwarts-fluffy-encounter/
76201-1,Captain Carter & The Hydra Stomper,2021,696,343,https://cdn.rebrickable.com/media/sets/76201-1/90114.jpg,https://rebrickable.com/sets/76201-1/captain-carter-the-hydra-stomper/
910001-1,Castle in the Forest,2021,719,1954,https://cdn.rebrickable.com/media/sets/910001-1/96130.jpg,https://rebrickable.com/sets/910001-1/castle-in-the-forest/
75313-1,AT-AT,2021,171,6785,https://cdn.rebrickable.com/media/sets/75313-1/94568.jpg,https://rebrickable.com/sets/75313-1/at-at/
75301-1,Luke Skywalker's X-Wing Fighter,2021,158,474,https://cdn.rebrickable.com/media/sets/75301-1/76110.jpg,https://rebrickable.com/sets/75301-1/luke-skywalkers-x-wing-fighter/
43202-1,The Madrigal House,2021,608,587,https://cdn.rebrickable.com/media/sets/43202-1/146185.jpg,https://rebrickable.com/sets/43202-1/the-madrigal-house/
75550-1,Minions Kung Fu Battle,2021,689,310,https://cdn.rebrickable.com/media/sets/75550-1/55112.jpg,https://rebrickable.com/sets/75550-1/minions-kung-fu-battle/
11014-1,Bricks and Wheels,2021,621,653,https://cdn.rebrickable.com/media/sets/11014-1/81334.jpg,https://rebrickable.com/sets/11014-1/bricks-and-wheels/
41937-1,Multi Pack - Summer Vibes,2021,688,443,https://cdn.rebrickable.com/media/sets/41937-1/87941.jpg,https://rebrickable.com/sets/41937-1/multi-pack-summer-vibes/
75300-1,Imperial TIE Fighter,2021,158,432,https://cdn.rebrickable.com/media/sets/75300-1/76116.jpg,https://rebrickable.com/sets/75300-1/imperial-tie-fighter/
43114-1,Punk Pirate Ship,2021,713,602,https://cdn.rebrickable.com/media/sets/43114-1/86704.jpg,https://rebrickable.com/sets/43114-1/punk-pirate-ship/
40421-1,"Belle Bottom, Kevin and Bob",2021,610,309,https://cdn.rebrickable.com/media/sets/40421-1/86590.jpg,https://rebrickable.com/sets/40421-1/belle-bottom-kevin-and-bob/
71395-1,Super Mario 64 Question Mark Block,2021,690,2064,https://cdn.rebrickable.com/media/sets/71395-1/92193.jpg,https://rebrickable.com/sets/71395-1/super-mario-64-question-mark-block/
71737-1,X-1 Ninja Charger,2021,435,599,https://cdn.rebrickable.com/media/sets/71737-1/77884.jpg,https://rebrickable.com/sets/71737-1/x-1-ninja-charger/
10284-1,Camp Nou - FC Barcelona,2021,721,5509,https://cdn.rebrickable.com/media/sets/10284-1/91438.jpg,https://rebrickable.com/sets/10284-1/camp-nou-fc-barcelona/
10282-1,adidas Originals Superstar,2021,721,731,https://cdn.rebrickable.com/media/sets/10282-1/89213.jpg,https://rebrickable.com/sets/10282-1/adidas-originals-superstar/
10295-1,Porsche 911 Turbo & 911 Targa,2021,721,1458,https://cdn.rebrickable.com/media/sets/10295-1/81022.jpg,https://rebrickable.com/sets/10295-1/porsche-911-turbo-911-targa/
41687-1,Magical Funfair Stalls,2021,494,361,https://cdn.rebrickable.com/media/sets/41687-1/87599.jpg,https://rebrickable.com/sets/41687-1/magical-funfair-stalls/
21169-1,The First Adventure,2021,577,542,https://cdn.rebrickable.com/media/sets/21169-1/81321.jpg,https://rebrickable.com/sets/21169-1/the-first-adventure/
80024-1,The Legendary Flower Fruit Mountain,2021,693,1949,https://cdn.rebrickable.com/media/sets/80024-1/83053.jpg,https://rebrickable.com/sets/80024-1/the-legendary-flower-fruit-mountain/
77944-1,Fire Station Headquarters,2021,58,910,https://cdn.rebrickable.com/media/sets/77944-1/91560.jpg,https://rebrickable.com/sets/77944-1/fire-station-headquarters/
76238-1,Classic TV Series Batman Cowl,2021,697,372,https://cdn.rebrickable.com/media/sets/76238-1/88694.jpg,https://rebrickable.com/sets/76238-1/classic-tv-series-batman-cowl/
45400-1,BricQ Motion Prime,2021,507,568,https://cdn.rebrickable.com/media/sets/45400-1/79496.jpg,https://rebrickable.com/sets/45400-1/bricq-motion-prime/
76156-1,Rise of the Domo,2021,696,1049,https://cdn.rebrickable.com/media/sets/76156-1/91640.jpg,https://rebrickable.com/sets/76156-1/rise-of-the-domo/
60305-1,Car Transporter,2021,63,342,https://cdn.rebrickable.com/media/sets/60305-1/78850.jpg,https://rebrickable.com/sets/60305-1/car-transporter/
21173-1,The Sky Tower,2021,577,565,https://cdn.rebrickable.com/media/sets/21173-1/87660.jpg,https://rebrickable.com/sets/21173-1/the-sky-tower/
71748-1,Catamaran Sea Battle,2021,435,780,https://cdn.rebrickable.com/media/sets/71748-1/81656.jpg,https://rebrickable.com/sets/71748-1/catamaran-sea-battle/
71738-1,Zane's Titan Mech Battle,2021,435,840,https://cdn.rebrickable.com/media/sets/71738-1/152582.jpg,https://rebrickable.com/sets/71738-1/zanes-titan-mech-battle/
40490-1,Ninjago 10,2021,610,406,https://cdn.rebrickable.com/media/sets/40490-1/89735.jpg,https://rebrickable.com/sets/40490-1/ninjago-10/
75315-1,Imperial Light Cruiser,2021,158,1336,https://cdn.rebrickable.com/media/sets/75315-1/89525.jpg,https://rebrickable.com/sets/75315-1/imperial-light-cruiser/
71755-1,Temple of the Endless Sea,2021,435,1060,https://cdn.rebrickable.com/media/sets/71755-1/87394.jpg,https://rebrickable.com/sets/71755-1/temple-of-the-endless-sea/
71383-1,Wiggler's Poison Swamp Expansion Set,2021,690,375,https://cdn.rebrickable.com/media/sets/71383-1/75750.jpg,https://rebrickable.com/sets/71383-1/wigglers-poison-swamp-expansion-set/
42120-1,Rescue Hovercraft,2021,1,457,https://cdn.rebrickable.com/media/sets/42120-1/81385.jpg,https://rebrickable.com/sets/42120-1/rescue-hovercraft/
31201-1,Harry Potter Hogwarts Crests,2021,709,4249,https://cdn.rebrickable.com/media/sets/31201-1/76225.jpg,https://rebrickable.com/sets/31201-1/harry-potter-hogwarts-crests/
910017-1,Kakapo,2021,719,1063,https://cdn.rebrickable.com/media/sets/910017-1/96133.jpg,https://rebrickable.com/sets/910017-1/kakapo/
10281-1,Bonsai Tree,2021,769,878,https://cdn.rebrickable.com/media/sets/10281-1/148031.jpg,https://rebrickable.com/sets/10281-1/bonsai-tree/
910028-1,Pursuit of Flight,2021,719,541,https://cdn.rebrickable.com/media/sets/910028-1/95306.jpg,https://rebrickable.com/sets/910028-1/pursuit-of-flight/
76942-1,Baryonyx Dinosaur Boat Escape,2021,602,309,https://cdn.rebrickable.com/media/sets/76942-1/88711.jpg,https://rebrickable.com/sets/76942-1/baryonyx-dinosaur-boat-escape/
41689-1,Magical Ferris Wheel and Slide,2021,494,545,https://cdn.rebrickable.com/media/sets/41689-1/87763.jpg,https://rebrickable.com/sets/41689-1/magical-ferris-wheel-and-slide/
75311-1,Imperial Armored Marauder,2021,158,478,https://cdn.rebrickable.com/media/sets/75311-1/89513.jpg,https://rebrickable.com/sets/75311-1/imperial-armored-marauder/
75307-1,Star Wars Advent Calendar 2021,2021,209,335,https://cdn.rebrickable.com/media/sets/75307-1/90462.jpg,https://rebrickable.com/sets/75307-1/star-wars-advent-calendar-2021/
76176-1,Escape From The Ten Rings,2021,696,321,https://cdn.rebrickable.com/media/sets/76176-1/86602.jpg,https://rebrickable.com/sets/76176-1/escape-from-the-ten-rings/
42131-1,Cat D11 Bulldozer,2021,1,3854,https://cdn.rebrickable.com/media/sets/42131-1/91280.jpg,https://rebrickable.com/sets/42131-1/cat-d11-bulldozer/
80107-1,Spring Lantern Festival,2021,686,1797,https://cdn.rebrickable.com/media/sets/80107-1/75241.jpg,https://rebrickable.com/sets/80107-1/spring-lantern-festival/
42123-1,McLaren Senna GTR,2021,1,830,https://cdn.rebrickable.com/media/sets/42123-1/75921.jpg,https://rebrickable.com/sets/42123-1/mclaren-senna-gtr/
60282-1,Fire Command Unit,2021,58,380,https://cdn.rebrickable.com/media/sets/60282-1/77037.jpg,https://rebrickable.com/sets/60282-1/fire-command-unit/
71746-1,Jungle Dragon,2021,435,506,https://cdn.rebrickable.com/media/sets/71746-1/81668.jpg,https://rebrickable.com/sets/71746-1/jungle-dragon/
76903-1,Chevrolet Corvette C8.R Race Car and 1969 Chevrolet Corvette,2021,601,515,https://cdn.rebrickable.com/media/sets/76903-1/87577.jpg,https://rebrickable.com/sets/76903-1/chevrolet-corvette-c8r-race-car-and-1969-chevrolet-corvette/
76237-1,Sanctuary II: Endgame Battle,2021,781,331,https://cdn.rebrickable.com/media/sets/76237-1/156421.jpg,https://rebrickable.com/sets/76237-1/sanctuary-ii-endgame-battle/
76187-1,Venom,2021,706,565,https://cdn.rebrickable.com/media/sets/76187-1/85796.jpg,https://rebrickable.com/sets/76187-1/venom/
21172-1,The Ruined Portal,2021,577,316,https://cdn.rebrickable.com/media/sets/21172-1/87484.jpg,https://rebrickable.com/sets/21172-1/the-ruined-portal/
76190-1,Iron Man: Iron Monger Mayhem,2021,781,488,https://cdn.rebrickable.com/media/sets/76190-1/88415.jpg,https://rebrickable.com/sets/76190-1/iron-man-iron-monger-mayhem/
40489-1,Mr. and Mrs. Claus' Living Room,2021,227,340,https://cdn.rebrickable.com/media/sets/40489-1/103563.jpg,https://rebrickable.com/sets/40489-1/mr-and-mrs-claus-living-room/
76904-1,Mopar Dodge//SRT Top Fuel Dragster and 1970 Dodge Challenger T/A,2021,601,627,https://cdn.rebrickable.com/media/sets/76904-1/88304.jpg,https://rebrickable.com/sets/76904-1/mopar-dodgesrt-top-fuel-dragster-and-1970-dodge-challenger-ta/
75305-1,Scout Trooper,2021,158,471,https://cdn.rebrickable.com/media/sets/75305-1/85242.jpg,https://rebrickable.com/sets/75305-1/scout-trooper/
41685-1,Magical Funfair Roller Coaster,2021,494,974,https://cdn.rebrickable.com/media/sets/41685-1/87729.jpg,https://rebrickable.com/sets/41685-1/magical-funfair-roller-coaster/
75314-1,The Bad Batch Attack Shuttle,2021,158,970,https://cdn.rebrickable.com/media/sets/75314-1/86938.jpg,https://rebrickable.com/sets/75314-1/the-bad-batch-attack-shuttle/
76178-1,Daily Bugle,2021,706,3803,https://cdn.rebrickable.com/media/sets/76178-1/88191.jpg,https://rebrickable.com/sets/76178-1/daily-bugle/
42122-1,Jeep Wrangler,2021,1,665,https://cdn.rebrickable.com/media/sets/42122-1/76696.jpg,https://rebrickable.com/sets/42122-1/jeep-wrangler/
40487-1,Sailboat Adventure,2021,576,330,https://cdn.rebrickable.com/media/sets/40487-1/90528.jpg,https://rebrickable.com/sets/40487-1/sailboat-adventure/
76389-1,Hogwarts Chamber Of Secrets,2021,246,1171,https://cdn.rebrickable.com/media/sets/76389-1/86353.jpg,https://rebrickable.com/sets/76389-1/hogwarts-chamber-of-secrets/
45817-1,CARGO CONNECT Explore Set,2021,398,885,https://cdn.rebrickable.com/media/sets/45817-1/91135.jpg,https://rebrickable.com/sets/45817-1/cargo-connect-explore-set/
42127-1,The Batman - Batmobile,2021,1,1360,https://cdn.rebrickable.com/media/sets/42127-1/93543.jpg,https://rebrickable.com/sets/42127-1/the-batman-batmobile/
60302-1,Wildlife Rescue Operation,2021,52,525,https://cdn.rebrickable.com/media/sets/60302-1/87588.jpg,https://rebrickable.com/sets/60302-1/wildlife-rescue-operation/
40495-1,"Harry, Hermione, Ron & Hagrid",2021,610,466,https://cdn.rebrickable.com/media/sets/40495-1/87935.jpg,https://rebrickable.com/sets/40495-1/harry-hermione-ron-hagrid/
71741-1,NINJAGO City Gardens,2021,435,5710,https://cdn.rebrickable.com/media/sets/71741-1/80116.jpg,https://rebrickable.com/sets/71741-1/ninjago-city-gardens/
80020-1,White Dragon Horse Jet,2021,693,565,https://cdn.rebrickable.com/media/sets/80020-1/83095.jpg,https://rebrickable.com/sets/80020-1/white-dragon-horse-jet/
42128-1,Heavy Duty Tow Truck,2021,1,2017,https://cdn.rebrickable.com/media/sets/42128-1/89868.jpg,https://rebrickable.com/sets/42128-1/heavy-duty-tow-truck/
21176-1,The Jungle Abomination,2021,577,496,https://cdn.rebrickable.com/media/sets/21176-1/87926.jpg,https://rebrickable.com/sets/21176-1/the-jungle-abomination/
11016-1,Creative Building Bricks,2021,621,1201,https://cdn.rebrickable.com/media/sets/11016-1/77592.jpg,https://rebrickable.com/sets/11016-1/creative-building-bricks/
77942-1,Fiat 500 - Bright Light Blue Version,2021,673,960,https://cdn.rebrickable.com/media/sets/77942-1/91549.jpg,https://rebrickable.com/sets/77942-1/fiat-500-bright-light-blue-version/
75304-1,Darth Vader,2021,158,834,https://cdn.rebrickable.com/media/sets/75304-1/85224.jpg,https://rebrickable.com/sets/75304-1/darth-vader/
41448-1,Heartlake City Movie Theater,2021,494,451,https://cdn.rebrickable.com/media/sets/41448-1/77231.jpg,https://rebrickable.com/sets/41448-1/heartlake-city-movie-theater/
76394-1,"Fawkes, Dumbledore's Phoenix",2021,246,597,https://cdn.rebrickable.com/media/sets/76394-1/86384.jpg,https://rebrickable.com/sets/76394-1/fawkes-dumbledores-phoenix/
71742-1,Overlord Dragon,2021,435,372,https://cdn.rebrickable.com/media/sets/71742-1/77910.jpg,https://rebrickable.com/sets/71742-1/overlord-dragon/
10293-1,Santa's Visit,2021,227,1445,https://cdn.rebrickable.com/media/sets/10293-1/92322.jpg,https://rebrickable.com/sets/10293-1/santas-visit/
11013-1,Creative Transparent Bricks,2021,621,500,https://cdn.rebrickable.com/media/sets/11013-1/77606.jpg,https://rebrickable.com/sets/11013-1/creative-transparent-bricks/
60306-1,Shopping Street,2021,52,533,https://cdn.rebrickable.com/media/sets/60306-1/78462.jpg,https://rebrickable.com/sets/60306-1/shopping-street/
71736-1,Boulder Blaster,2021,435,449,https://cdn.rebrickable.com/media/sets/71736-1/77897.jpg,https://rebrickable.com/sets/71736-1/boulder-blaster/
41936-1,Pencil Holder,2021,688,323,https://cdn.rebrickable.com/media/sets/41936-1/87849.jpg,https://rebrickable.com/sets/41936-1/pencil-holder/
71752-1,Ninja Sub Speeder,2021,435,356,https://cdn.rebrickable.com/media/sets/71752-1/87647.jpg,https://rebrickable.com/sets/71752-1/ninja-sub-speeder/
43113-1,K-Pawp Concert,2021,713,500,https://cdn.rebrickable.com/media/sets/43113-1/86714.jpg,https://rebrickable.com/sets/43113-1/k-pawp-concert/
76388-1,Hogsmeade Village Visit,2021,246,847,https://cdn.rebrickable.com/media/sets/76388-1/86339.jpg,https://rebrickable.com/sets/76388-1/hogsmeade-village-visit/
21174-1,The Modern Treehouse,2021,577,909,https://cdn.rebrickable.com/media/sets/21174-1/87976.jpg,https://rebrickable.com/sets/21174-1/the-modern-treehouse/
43111-1,Candy Castle Stage,2021,713,331,https://cdn.rebrickable.com/media/sets/43111-1/86723.jpg,https://rebrickable.com/sets/43111-1/candy-castle-stage/
40516-1,Everyone Is Awesome,2021,721,346,https://cdn.rebrickable.com/media/sets/40516-1/88460.jpg,https://rebrickable.com/sets/40516-1/everyone-is-awesome/
4002021-1,The Temple of Celebrations,2021,599,1312,https://cdn.rebrickable.com/media/sets/4002021-1/106985.jpg,https://rebrickable.com/sets/4002021-1/the-temple-of-celebrations/
80026-1,Pigsy's Noodle Tank,2021,693,662,https://cdn.rebrickable.com/media/sets/80026-1/88842.jpg,https://rebrickable.com/sets/80026-1/pigsys-noodle-tank/
41444-1,Heartlake City Organic Café,2021,494,314,https://cdn.rebrickable.com/media/sets/41444-1/76907.jpg,https://rebrickable.com/sets/41444-1/heartlake-city-organic-café/
910010-1,Great Fishing Boat,2021,719,1609,https://cdn.rebrickable.com/media/sets/910010-1/96131.jpg,https://rebrickable.com/sets/910010-1/great-fishing-boat/
45680-1,SPIKE Prime Expansion Set,2020,509,603,https://cdn.rebrickable.com/media/sets/45680-1/83371.jpg,https://rebrickable.com/sets/45680-1/spike-prime-expansion-set/
21052-1,Dubai,2020,253,740,https://cdn.rebrickable.com/media/sets/21052-1/18567.jpg,https://rebrickable.com/sets/21052-1/dubai/
71377-1,King Boo and the Haunted Yard Expansion Set,2020,690,431,https://cdn.rebrickable.com/media/sets/71377-1/67015.jpg,https://rebrickable.com/sets/71377-1/king-boo-and-the-haunted-yard-expansion-set/
21054-1,The White House,2020,252,1483,https://cdn.rebrickable.com/media/sets/21054-1/64201.jpg,https://rebrickable.com/sets/21054-1/the-white-house/
45813-1,RePLAY Challenge Kit,2020,398,1600,https://cdn.rebrickable.com/media/sets/45813-1/73526.jpg,https://rebrickable.com/sets/45813-1/replay-challenge-kit/
41394-1,Heartlake City Hospital,2020,494,388,https://cdn.rebrickable.com/media/sets/41394-1/17993.jpg,https://rebrickable.com/sets/41394-1/heartlake-city-hospital/
10276-1,Colosseum,2020,721,9036,https://cdn.rebrickable.com/media/sets/10276-1/75458.jpg,https://rebrickable.com/sets/10276-1/colosseum/
4002020-1,Celebrating 40 Years of Hands-on Learning,2020,599,919,https://cdn.rebrickable.com/media/sets/4002020-1/78874.jpg,https://rebrickable.com/sets/4002020-1/celebrating-40-years-of-hands-on-learning/
92177-1,Ship in a Bottle,2020,576,962,https://cdn.rebrickable.com/media/sets/92177-1/75149.jpg,https://rebrickable.com/sets/92177-1/ship-in-a-bottle/
10273-1,Haunted House,2020,721,3232,https://cdn.rebrickable.com/media/sets/10273-1/62201.jpg,https://rebrickable.com/sets/10273-1/haunted-house/
51515-1,Robot Inventor,2020,258,949,https://cdn.rebrickable.com/media/sets/51515-1/73629.jpg,https://rebrickable.com/sets/51515-1/robot-inventor/
21161-1,The Crafting Box 3.0,2020,577,564,https://cdn.rebrickable.com/media/sets/21161-1/64252.jpg,https://rebrickable.com/sets/21161-1/the-crafting-box-30/
31109-1,Pirate Ship,2020,672,1260,https://cdn.rebrickable.com/media/sets/31109-1/64495.jpg,https://rebrickable.com/sets/31109-1/pirate-ship/
41258-1,Vibe City Concert,2020,682,504,https://cdn.rebrickable.com/media/sets/41258-1/70571.jpg,https://rebrickable.com/sets/41258-1/vibe-city-concert/
76157-1,Wonder Woman vs. Cheetah,2020,695,371,https://cdn.rebrickable.com/media/sets/76157-1/61221.jpg,https://rebrickable.com/sets/76157-1/wonder-woman-vs-cheetah/
41393-1,Baking Competition,2020,494,361,https://cdn.rebrickable.com/media/sets/41393-1/17983.jpg,https://rebrickable.com/sets/41393-1/baking-competition/
10277-1,Crocodile Locomotive,2020,721,1279,https://cdn.rebrickable.com/media/sets/10277-1/68072.jpg,https://rebrickable.com/sets/10277-1/crocodile-locomotive/
76896-1,Nissan GT-R NISMO,2020,601,301,https://cdn.rebrickable.com/media/sets/76896-1/18676.jpg,https://rebrickable.com/sets/76896-1/nissan-gt-r-nismo/
60265-1,Ocean Exploration Base,2020,52,497,https://cdn.rebrickable.com/media/sets/60265-1/64555.jpg,https://rebrickable.com/sets/60265-1/ocean-exploration-base/
80008-1,Monkie Kid's Cloud Jet,2020,693,529,https://cdn.rebrickable.com/media/sets/80008-1/62664.jpg,https://rebrickable.com/sets/80008-1/monkie-kids-cloud-jet/
80009-1,Pigsy's Food Truck,2020,693,832,https://cdn.rebrickable.com/media/sets/80009-1/62678.jpg,https://rebrickable.com/sets/80009-1/pigsys-food-truck/
21323-1,Grand Piano,2020,576,3662,https://cdn.rebrickable.com/media/sets/21323-1/69409.jpg,https://rebrickable.com/sets/21323-1/grand-piano/
76165-1,Iron Man,2020,702,480,https://cdn.rebrickable.com/media/sets/76165-1/65931.jpg,https://rebrickable.com/sets/76165-1/iron-man/
41904-1,Animal Picture Holders,2020,688,425,https://cdn.rebrickable.com/media/sets/41904-1/76077.jpg,https://rebrickable.com/sets/41904-1/animal-picture-holders/
42108-1,Mobile Crane,2020,1,1292,https://cdn.rebrickable.com/media/sets/42108-1/17944.jpg,https://rebrickable.com/sets/42108-1/mobile-crane/
70437-1,Mystery Castle,2020,676,1035,https://cdn.rebrickable.com/media/sets/70437-1/64827.jpg,https://rebrickable.com/sets/70437-1/mystery-castle/
42105-1,Catamaran,2020,1,405,https://cdn.rebrickable.com/media/sets/42105-1/16432.jpg,https://rebrickable.com/sets/42105-1/catamaran/
42111-1,Dom's Dodge Charger,2020,1,1077,https://cdn.rebrickable.com/media/sets/42111-1/56361.jpg,https://rebrickable.com/sets/42111-1/doms-dodge-charger/
76899-1,Lamborghini Urus ST-X & Lamborghini Huracán Super Trofeo EVO,2020,601,666,https://cdn.rebrickable.com/media/sets/76899-1/69073.jpg,https://rebrickable.com/sets/76899-1/lamborghini-urus-st-x-lamborghini-huracán-super-trofeo-evo/
76160-1,Mobile Bat Base,2020,697,743,https://cdn.rebrickable.com/media/sets/76160-1/64716.jpg,https://rebrickable.com/sets/76160-1/mobile-bat-base/
76143-1,Avengers Truck Take-down,2020,702,486,https://cdn.rebrickable.com/media/sets/76143-1/18484.jpg,https://rebrickable.com/sets/76143-1/avengers-truck-take-down/
75277-1,Boba Fett,2020,158,625,https://cdn.rebrickable.com/media/sets/75277-1/56403.jpg,https://rebrickable.com/sets/75277-1/boba-fett/
71710-1,Ninja Tuner Car,2020,435,428,https://cdn.rebrickable.com/media/sets/71710-1/18057.jpg,https://rebrickable.com/sets/71710-1/ninja-tuner-car/
71376-1,Thwomp Drop Expansion Set,2020,690,393,https://cdn.rebrickable.com/media/sets/71376-1/67085.jpg,https://rebrickable.com/sets/71376-1/thwomp-drop-expansion-set/
80104-1,Lion Dance,2020,686,882,https://cdn.rebrickable.com/media/sets/80104-1/15528.jpg,https://rebrickable.com/sets/80104-1/lion-dance/
75278-1,D-O,2020,158,519,https://cdn.rebrickable.com/media/sets/75278-1/66501.jpg,https://rebrickable.com/sets/75278-1/d-o/
76151-1,Venomosaurus Ambush,2020,706,648,https://cdn.rebrickable.com/media/sets/76151-1/55180.jpg,https://rebrickable.com/sets/76151-1/venomosaurus-ambush/
80012-1,Monkey King Warrior Mech,2020,693,1635,https://cdn.rebrickable.com/media/sets/80012-1/62775.jpg,https://rebrickable.com/sets/80012-1/monkey-king-warrior-mech/
75292-1,The Razor Crest,2020,158,1023,https://cdn.rebrickable.com/media/sets/75292-1/61549.jpg,https://rebrickable.com/sets/75292-1/the-razor-crest/
41423-1,Tiger Hot Air Balloon Jungle Rescue,2020,494,302,https://cdn.rebrickable.com/media/sets/41423-1/74339.jpg,https://rebrickable.com/sets/41423-1/tiger-hot-air-balloon-jungle-rescue/
75978-1,Diagon Alley,2020,246,5548,https://cdn.rebrickable.com/media/sets/75978-1/71783.jpg,https://rebrickable.com/sets/75978-1/diagon-alley/
43187-1,Rapunzel's Tower,2020,579,369,https://cdn.rebrickable.com/media/sets/43187-1/71275.jpg,https://rebrickable.com/sets/43187-1/rapunzels-tower/
75969-1,Hogwarts Astronomy Tower,2020,246,971,https://cdn.rebrickable.com/media/sets/75969-1/65154.jpg,https://rebrickable.com/sets/75969-1/hogwarts-astronomy-tower/
75940-1,Gallimimus and Pteranodon Breakout,2020,602,392,https://cdn.rebrickable.com/media/sets/75940-1/64427.jpg,https://rebrickable.com/sets/75940-1/gallimimus-and-pteranodon-breakout/
31198-1,The Beatles,2020,709,2933,https://cdn.rebrickable.com/media/sets/31198-1/68295.jpg,https://rebrickable.com/sets/31198-1/the-beatles/
80013-1,Monkie Kid's Team Secret HQ,2020,693,1967,https://cdn.rebrickable.com/media/sets/80013-1/62758.jpg,https://rebrickable.com/sets/80013-1/monkie-kids-team-secret-hq/
21163-1,The Redstone Battle,2020,577,511,https://cdn.rebrickable.com/media/sets/21163-1/64263.jpg,https://rebrickable.com/sets/21163-1/the-redstone-battle/
75286-1,General Grievous's Starfighter,2020,158,487,https://cdn.rebrickable.com/media/sets/75286-1/67346.jpg,https://rebrickable.com/sets/75286-1/general-grievouss-starfighter/
80014-1,Sandy's Speedboat,2020,693,394,https://cdn.rebrickable.com/media/sets/80014-1/69124.jpg,https://rebrickable.com/sets/80014-1/sandys-speedboat/
10272-1,Old Trafford - Manchester United,2020,673,3898,https://cdn.rebrickable.com/media/sets/10272-1/19144.jpg,https://rebrickable.com/sets/10272-1/old-trafford-manchester-united/
41395-1,Friendship Bus,2020,494,778,https://cdn.rebrickable.com/media/sets/41395-1/17546.jpg,https://rebrickable.com/sets/41395-1/friendship-bus/
75288-1,AT-AT,2020,158,1267,https://cdn.rebrickable.com/media/sets/75288-1/70066.jpg,https://rebrickable.com/sets/75288-1/at-at/
21051-1,Tokyo,2020,253,547,https://cdn.rebrickable.com/media/sets/21051-1/15173.jpg,https://rebrickable.com/sets/21051-1/tokyo/
60262-1,Passenger Airplane,2020,53,669,https://cdn.rebrickable.com/media/sets/60262-1/66160.jpg,https://rebrickable.com/sets/60262-1/passenger-airplane/
30628-1,The Monster Book of Monsters,2020,246,320,https://cdn.rebrickable.com/media/sets/30628-1/88299.jpg,https://rebrickable.com/sets/30628-1/the-monster-book-of-monsters/
75276-1,Stormtrooper,2020,158,647,https://cdn.rebrickable.com/media/sets/75276-1/56267.jpg,https://rebrickable.com/sets/75276-1/stormtrooper/
75290-1,Mos Eisley Cantina,2020,158,3187,https://cdn.rebrickable.com/media/sets/75290-1/72160.jpg,https://rebrickable.com/sets/75290-1/mos-eisley-cantina/
75979-1,Hedwig,2020,246,630,https://cdn.rebrickable.com/media/sets/75979-1/64623.jpg,https://rebrickable.com/sets/75979-1/hedwig/
43179-1,Mickey Mouse & Minnie Mouse,2020,608,1739,https://cdn.rebrickable.com/media/sets/43179-1/66915.jpg,https://rebrickable.com/sets/43179-1/mickey-mouse-minnie-mouse/
42107-1,Ducati Panigale V4 R,2020,1,646,https://cdn.rebrickable.com/media/sets/42107-1/73979.jpg,https://rebrickable.com/sets/42107-1/ducati-panigale-v4-r/
10271-1,Fiat 500,2020,673,960,https://cdn.rebrickable.com/media/sets/10271-1/56172.jpg,https://rebrickable.com/sets/10271-1/fiat-500/
71719-1,Zane's Mino Creature,2020,435,617,https://cdn.rebrickable.com/media/sets/71719-1/65000.jpg,https://rebrickable.com/sets/71719-1/zanes-mino-creature/
80010-1,Demon Bull King,2020,693,1051,https://cdn.rebrickable.com/media/sets/80010-1/62705.jpg,https://rebrickable.com/sets/80010-1/demon-bull-king/
71711-1,Jay's Cyber Dragon,2020,435,527,https://cdn.rebrickable.com/media/sets/71711-1/16471.jpg,https://rebrickable.com/sets/71711-1/jays-cyber-dragon/
40413-1,Mini Robots,2020,258,366,https://cdn.rebrickable.com/media/sets/40413-1/80899.jpg,https://rebrickable.com/sets/40413-1/mini-robots/
71717-1,Journey to the Skull Dungeons,2020,435,402,https://cdn.rebrickable.com/media/sets/71717-1/64984.jpg,https://rebrickable.com/sets/71717-1/journey-to-the-skull-dungeons/
40410-1,Charles Dickens Tribute,2020,227,333,https://cdn.rebrickable.com/media/sets/40410-1/75508.jpg,https://rebrickable.com/sets/40410-1/charles-dickens-tribute/
31199-1,Marvel Studios Iron Man,2020,709,3167,https://cdn.rebrickable.com/media/sets/31199-1/68313.jpg,https://rebrickable.com/sets/31199-1/marvel-studios-iron-man/
41254-1,Volcano Rock City Concert,2020,682,396,https://cdn.rebrickable.com/media/sets/41254-1/16515.jpg,https://rebrickable.com/sets/41254-1/volcano-rock-city-concert/
70429-1,El Fuego's Stunt Plane,2020,676,303,https://cdn.rebrickable.com/media/sets/70429-1/52207.jpg,https://rebrickable.com/sets/70429-1/el-fuegos-stunt-plane/
42112-1,Cement Mixer,2020,1,1161,https://cdn.rebrickable.com/media/sets/42112-1/72032.jpg,https://rebrickable.com/sets/42112-1/cement-mixer/
70430-1,Newbury Subway,2020,676,356,https://cdn.rebrickable.com/media/sets/70430-1/15929.jpg,https://rebrickable.com/sets/70430-1/newbury-subway/
41432-1,Alpaca Rescue in the Jungle,2020,494,512,https://cdn.rebrickable.com/media/sets/41432-1/64349.jpg,https://rebrickable.com/sets/41432-1/alpaca-rescue-in-the-jungle/
80011-1,Red Son's Inferno Truck,2020,693,1111,https://cdn.rebrickable.com/media/sets/80011-1/62743.jpg,https://rebrickable.com/sets/80011-1/red-sons-inferno-truck/
75318-1,The Child,2020,158,1073,https://cdn.rebrickable.com/media/sets/75318-1/72781.jpg,https://rebrickable.com/sets/75318-1/the-child/
75284-1,Knights of Ren Transport Ship,2020,158,595,https://cdn.rebrickable.com/media/sets/75284-1/67335.jpg,https://rebrickable.com/sets/75284-1/knights-of-ren-transport-ship/
45028-1,My XL World,2020,516,492,https://cdn.rebrickable.com/media/sets/45028-1/10932.jpg,https://rebrickable.com/sets/45028-1/my-xl-world/
70431-1,The Lighthouse of Darkness,2020,676,548,https://cdn.rebrickable.com/media/sets/70431-1/15925.jpg,https://rebrickable.com/sets/70431-1/the-lighthouse-of-darkness/
80016-1,The Flaming Foundry,2020,693,1429,https://cdn.rebrickable.com/media/sets/80016-1/69115.jpg,https://rebrickable.com/sets/80016-1/the-flaming-foundry/
21159-1,The Pillager Outpost,2020,577,303,https://cdn.rebrickable.com/media/sets/21159-1/15170.jpg,https://rebrickable.com/sets/21159-1/the-pillager-outpost/
77904-1,Nebulon-B Frigate,2020,158,459,https://cdn.rebrickable.com/media/sets/77904-1/80957.jpg,https://rebrickable.com/sets/77904-1/nebulon-b-frigate/
71699-1,Thunder Raider,2020,435,576,https://cdn.rebrickable.com/media/sets/71699-1/18670.jpg,https://rebrickable.com/sets/71699-1/thunder-raider/
71705-1,Destiny's Bounty,2020,435,1783,https://cdn.rebrickable.com/media/sets/71705-1/64291.jpg,https://rebrickable.com/sets/71705-1/destinys-bounty/
31107-1,Space Rover Explorer,2020,672,510,https://cdn.rebrickable.com/media/sets/31107-1/64467.jpg,https://rebrickable.com/sets/31107-1/space-rover-explorer/
70435-1,Newbury Abandoned Prison,2020,676,400,https://cdn.rebrickable.com/media/sets/70435-1/64880.jpg,https://rebrickable.com/sets/70435-1/newbury-abandoned-prison/
40429-1,LEGOLAND Ninjago World,2020,425,440,https://cdn.rebrickable.com/media/sets/40429-1/70964.jpg,https://rebrickable.com/sets/40429-1/legoland-ninjago-world/
70436-1,Phantom Fire Truck 3000,2020,676,760,https://cdn.rebrickable.com/media/sets/70436-1/64870.jpg,https://rebrickable.com/sets/70436-1/phantom-fire-truck-3000/
60244-1,Police Helicopter Transport,2020,61,317,https://cdn.rebrickable.com/media/sets/60244-1/15163.jpg,https://rebrickable.com/sets/60244-1/police-helicopter-transport/
42109-1,App-Controlled Top Gear Rally Car,2020,1,463,https://cdn.rebrickable.com/media/sets/42109-1/17753.jpg,https://rebrickable.com/sets/42109-1/app-controlled-top-gear-rally-car/
11717-1,Bricks Bricks Plates,2020,621,1504,https://cdn.rebrickable.com/media/sets/11717-1/69688.jpg,https://rebrickable.com/sets/11717-1/bricks-bricks-plates/
21324-1,123 Sesame Street,2020,576,1367,https://cdn.rebrickable.com/media/sets/21324-1/74644.jpg,https://rebrickable.com/sets/21324-1/123-sesame-street/
41256-1,Rainbow Caterbus,2020,682,405,https://cdn.rebrickable.com/media/sets/41256-1/18579.jpg,https://rebrickable.com/sets/41256-1/rainbow-caterbus/
41907-1,Desk Organizer,2020,688,407,https://cdn.rebrickable.com/media/sets/41907-1/62283.jpg,https://rebrickable.com/sets/41907-1/desk-organizer/
60268-1,City Advent Calendar 2020,2020,208,342,https://cdn.rebrickable.com/media/sets/60268-1/71896.jpg,https://rebrickable.com/sets/60268-1/city-advent-calendar-2020/
75551-1,Brick-Built Minions and Their Lair,2020,689,876,https://cdn.rebrickable.com/media/sets/75551-1/55113.jpg,https://rebrickable.com/sets/75551-1/brick-built-minions-and-their-lair/
75275-1,A-Wing Starfighter,2020,171,1672,https://cdn.rebrickable.com/media/sets/75275-1/58298.jpg,https://rebrickable.com/sets/75275-1/a-wing-starfighter/
76159-1,Joker's Trike Chase,2020,697,440,https://cdn.rebrickable.com/media/sets/76159-1/64704.jpg,https://rebrickable.com/sets/76159-1/jokers-trike-chase/
92176-1,NASA Apollo Saturn V,2020,576,1969,https://cdn.rebrickable.com/media/sets/92176-1/75029.jpg,https://rebrickable.com/sets/92176-1/nasa-apollo-saturn-v/
71704-1,Kai Fighter,2020,435,513,https://cdn.rebrickable.com/media/sets/71704-1/64397.jpg,https://rebrickable.com/sets/71704-1/kai-fighter/
75941-1,Indominus rex vs. Ankylosaurus,2020,602,537,https://cdn.rebrickable.com/media/sets/75941-1/64448.jpg,https://rebrickable.com/sets/75941-1/indominus-rex-vs-ankylosaurus/
11011-1,Bricks and Animals,2020,621,1500,https://cdn.rebrickable.com/media/sets/11011-1/52145.jpg,https://rebrickable.com/sets/11011-1/bricks-and-animals/
42115-1,Lamborghini Sián FKP 37,2020,1,3696,https://cdn.rebrickable.com/media/sets/42115-1/63711.jpg,https://rebrickable.com/sets/42115-1/lamborghini-sián-fkp-37/
45814-1,PLAYMAKERS Explore Set,2020,398,779,https://cdn.rebrickable.com/media/sets/45814-1/73467.jpg,https://rebrickable.com/sets/45814-1/playmakers-explore-set/
80015-1,Monkie Kid's Cloud Roadster,2020,693,659,https://cdn.rebrickable.com/media/sets/80015-1/69133.jpg,https://rebrickable.com/sets/80015-1/monkie-kids-cloud-roadster/
76161-1,1989 Batwing,2020,698,2363,https://cdn.rebrickable.com/media/sets/76161-1/72685.jpg,https://rebrickable.com/sets/76161-1/1989-batwing/
75274-1,TIE Fighter Pilot,2020,158,724,https://cdn.rebrickable.com/media/sets/75274-1/56255.jpg,https://rebrickable.com/sets/75274-1/tie-fighter-pilot/
60245-1,Police Monster Truck Heist,2020,61,362,https://cdn.rebrickable.com/media/sets/60245-1/16431.jpg,https://rebrickable.com/sets/60245-1/police-monster-truck-heist/
40501-1,The Wooden Duck,2020,599,621,https://cdn.rebrickable.com/media/sets/40501-1/70553.jpg,https://rebrickable.com/sets/40501-1/the-wooden-duck/
71369-1,Bowser's Castle Boss Battle Expansion Set,2020,690,1010,https://cdn.rebrickable.com/media/sets/71369-1/67096.jpg,https://rebrickable.com/sets/71369-1/bowsers-castle-boss-battle-expansion-set/
75273-1,Poe Dameron's X-wing Fighter,2020,158,761,https://cdn.rebrickable.com/media/sets/75273-1/16460.jpg,https://rebrickable.com/sets/75273-1/poe-damerons-x-wing-fighter/
10275-1,Elf Club House,2020,227,1197,https://cdn.rebrickable.com/media/sets/10275-1/72761.jpg,https://rebrickable.com/sets/10275-1/elf-club-house/
76166-1,Avengers Tower Battle,2020,702,717,https://cdn.rebrickable.com/media/sets/76166-1/66897.jpg,https://rebrickable.com/sets/76166-1/avengers-tower-battle/
75279-1,Star Wars Advent Calendar 2020,2020,209,311,https://cdn.rebrickable.com/media/sets/75279-1/67267.jpg,https://rebrickable.com/sets/75279-1/star-wars-advent-calendar-2020/
76150-1,Spiderjet vs. Venom Mech,2020,706,383,https://cdn.rebrickable.com/media/sets/76150-1/18512.jpg,https://rebrickable.com/sets/76150-1/spiderjet-vs-venom-mech/
31104-1,Monster Burger Truck,2020,672,499,https://cdn.rebrickable.com/media/sets/31104-1/16476.jpg,https://rebrickable.com/sets/31104-1/monster-burger-truck/
41429-1,Heartlake City Airplane,2020,494,574,https://cdn.rebrickable.com/media/sets/41429-1/64328.jpg,https://rebrickable.com/sets/41429-1/heartlake-city-airplane/
75981-1,Harry Potter Advent Calendar 2020,2020,710,335,https://cdn.rebrickable.com/media/sets/75981-1/71872.jpg,https://rebrickable.com/sets/75981-1/harry-potter-advent-calendar-2020/
43188-1,Aurora's Forest Cottage,2020,579,301,https://cdn.rebrickable.com/media/sets/43188-1/71260.jpg,https://rebrickable.com/sets/43188-1/auroras-forest-cottage/
71374-1,Nintendo Entertainment System,2020,690,2646,https://cdn.rebrickable.com/media/sets/71374-1/69000.jpg,https://rebrickable.com/sets/71374-1/nintendo-entertainment-system/
41427-1,Emma's Fashion Shop,2020,494,343,https://cdn.rebrickable.com/media/sets/41427-1/64276.jpg,https://rebrickable.com/sets/41427-1/emmas-fashion-shop/
80105-1,Chinese New Year Temple Fair,2020,686,1664,https://cdn.rebrickable.com/media/sets/80105-1/602.jpg,https://rebrickable.com/sets/80105-1/chinese-new-year-temple-fair/
31097-1,Townhouse Pet Shop & Café,2019,672,969,https://cdn.rebrickable.com/media/sets/31097-1/16160.jpg,https://rebrickable.com/sets/31097-1/townhouse-pet-shop-café/
70424-1,Ghost Train Express,2019,676,699,https://cdn.rebrickable.com/media/sets/70424-1/21806.jpg,https://rebrickable.com/sets/70424-1/ghost-train-express/
40366-1,LEGO House Dinosaurs,2019,599,865,https://cdn.rebrickable.com/media/sets/40366-1/61971.jpg,https://rebrickable.com/sets/40366-1/lego-house-dinosaurs/
21318-1,Tree House,2019,576,3037,https://cdn.rebrickable.com/media/sets/21318-1/21817.jpg,https://rebrickable.com/sets/21318-1/tree-house/
75894-1,1967 Mini Cooper S Rally and 2018 MINI John Cooper Works Buggy,2019,601,492,https://cdn.rebrickable.com/media/sets/75894-1/21903.jpg,https://rebrickable.com/sets/75894-1/1967-mini-cooper-s-rally-and-2018-mini-john-cooper-works-buggy/
70829-1,Emmet and Lucy's Escape Buggy!,2019,670,550,https://cdn.rebrickable.com/media/sets/70829-1/17225.jpg,https://rebrickable.com/sets/70829-1/emmet-and-lucys-escape-buggy/
21045-1,Trafalgar Square,2019,252,1197,https://cdn.rebrickable.com/media/sets/21045-1/17334.jpg,https://rebrickable.com/sets/21045-1/trafalgar-square/
10267-1,Gingerbread House,2019,228,1477,https://cdn.rebrickable.com/media/sets/10267-1/13993.jpg,https://rebrickable.com/sets/10267-1/gingerbread-house/
41164-1,Enchanted Treehouse,2019,687,302,https://cdn.rebrickable.com/media/sets/41164-1/22623.jpg,https://rebrickable.com/sets/41164-1/enchanted-treehouse/
76144-1,Avengers Hulk Helicopter Rescue,2019,702,483,https://cdn.rebrickable.com/media/sets/76144-1/16504.jpg,https://rebrickable.com/sets/76144-1/avengers-hulk-helicopter-rescue/
41167-1,Arendelle Castle Village,2019,687,521,https://cdn.rebrickable.com/media/sets/41167-1/22620.jpg,https://rebrickable.com/sets/41167-1/arendelle-castle-village/
10264-1,Corner Garage,2019,155,2569,https://cdn.rebrickable.com/media/sets/10264-1/16132.jpg,https://rebrickable.com/sets/10264-1/corner-garage/
75936-1,Jurassic Park: T. rex Rampage,2019,602,3120,https://cdn.rebrickable.com/media/sets/75936-1/13701.jpg,https://rebrickable.com/sets/75936-1/jurassic-park-t-rex-rampage/
41369-1,Mia's House,2019,494,725,https://cdn.rebrickable.com/media/sets/41369-1/11252.jpg,https://rebrickable.com/sets/41369-1/mias-house/
10265-1,Ford Mustang,2019,673,1471,https://cdn.rebrickable.com/media/sets/10265-1/15531.jpg,https://rebrickable.com/sets/10265-1/ford-mustang/
42097-1,Compact Crawler Crane,2019,1,920,https://cdn.rebrickable.com/media/sets/42097-1/13831.jpg,https://rebrickable.com/sets/42097-1/compact-crawler-crane/
60233-1,Donut Shop Opening,2019,52,790,https://cdn.rebrickable.com/media/sets/60233-1/65514.jpg,https://rebrickable.com/sets/60233-1/donut-shop-opening/
60223-1,Harvester Transport,2019,57,358,https://cdn.rebrickable.com/media/sets/60223-1/14267.jpg,https://rebrickable.com/sets/60223-1/harvester-transport/
11003-1,Bricks and Eyes,2019,621,451,https://cdn.rebrickable.com/media/sets/11003-1/10879.jpg,https://rebrickable.com/sets/11003-1/bricks-and-eyes/
21317-1,Steamboat Willie,2019,576,751,https://cdn.rebrickable.com/media/sets/21317-1/21304.jpg,https://rebrickable.com/sets/21317-1/steamboat-willie/
75974-1,Bastion,2019,669,602,https://cdn.rebrickable.com/media/sets/75974-1/20984.jpg,https://rebrickable.com/sets/75974-1/bastion/
75975-1,Watchpoint: Gibraltar,2019,669,730,https://cdn.rebrickable.com/media/sets/75975-1/14429.jpg,https://rebrickable.com/sets/75975-1/watchpoint-gibraltar/
75257-1,Millennium Falcon,2019,158,1328,https://cdn.rebrickable.com/media/sets/75257-1/20033.jpg,https://rebrickable.com/sets/75257-1/millennium-falcon/
19001-1,Löwenstein Castle,2019,719,2017,https://cdn.rebrickable.com/media/sets/19001-1/96232.jpg,https://rebrickable.com/sets/19001-1/löwenstein-castle/
75972-1,Dorado Showdown,2019,669,414,https://cdn.rebrickable.com/media/sets/75972-1/10735.jpg,https://rebrickable.com/sets/75972-1/dorado-showdown/
41378-1,Dolphins Rescue Mission,2019,494,374,https://cdn.rebrickable.com/media/sets/41378-1/101.jpg,https://rebrickable.com/sets/41378-1/dolphins-rescue-mission/
75948-1,Hogwarts Clock Tower,2019,246,926,https://cdn.rebrickable.com/media/sets/75948-1/21661.jpg,https://rebrickable.com/sets/75948-1/hogwarts-clock-tower/
70828-1,Pop-Up Party Bus,2019,670,1024,https://cdn.rebrickable.com/media/sets/70828-1/22377.jpg,https://rebrickable.com/sets/70828-1/pop-up-party-bus/
70425-1,Newbury Haunted High School,2019,676,1475,https://cdn.rebrickable.com/media/sets/70425-1/22318.jpg,https://rebrickable.com/sets/70425-1/newbury-haunted-high-school/
76127-1,Captain Marvel and The Skrull Attack,2019,696,307,https://cdn.rebrickable.com/media/sets/76127-1/11045.jpg,https://rebrickable.com/sets/76127-1/captain-marvel-and-the-skrull-attack/
75243-1,Slave I - 20th Anniversary Edition,2019,158,1007,https://cdn.rebrickable.com/media/sets/75243-1/17565.jpg,https://rebrickable.com/sets/75243-1/slave-i-20th-anniversary-edition/
41367-1,Stephanie's Horse Jumping,2019,494,352,https://cdn.rebrickable.com/media/sets/41367-1/14514.jpg,https://rebrickable.com/sets/41367-1/stephanies-horse-jumping/
60227-1,Lunar Space Station,2019,679,417,https://cdn.rebrickable.com/media/sets/60227-1/21236.jpg,https://rebrickable.com/sets/60227-1/lunar-space-station/
76125-1,Iron Man Hall of Armor,2019,702,524,https://cdn.rebrickable.com/media/sets/76125-1/19368.jpg,https://rebrickable.com/sets/76125-1/iron-man-hall-of-armor/
11005-1,Creative Fun,2019,621,900,https://cdn.rebrickable.com/media/sets/11005-1/14811.jpg,https://rebrickable.com/sets/11005-1/creative-fun/
75255-1,Yoda,2019,158,1771,https://cdn.rebrickable.com/media/sets/75255-1/19221.jpg,https://rebrickable.com/sets/75255-1/yoda/
75254-1,AT-ST Raider,2019,158,540,https://cdn.rebrickable.com/media/sets/75254-1/19263.jpg,https://rebrickable.com/sets/75254-1/at-st-raider/
75250-1,Pasaana Speeder Chase,2019,158,373,https://cdn.rebrickable.com/media/sets/75250-1/19234.jpg,https://rebrickable.com/sets/75250-1/pasaana-speeder-chase/
70675-1,Katana 4x4,2019,435,461,https://cdn.rebrickable.com/media/sets/70675-1/20075.jpg,https://rebrickable.com/sets/70675-1/katana-4x4/
70825-1,Queen Watevra's Build Whatever Box!,2019,670,455,https://cdn.rebrickable.com/media/sets/70825-1/14292.jpg,https://rebrickable.com/sets/70825-1/queen-watevras-build-whatever-box/
70674-1,Fire Fang,2019,435,469,https://cdn.rebrickable.com/media/sets/70674-1/21228.jpg,https://rebrickable.com/sets/70674-1/fire-fang/
6273754-1,Easy Build Building Happening Piglet,2019,779,723,https://cdn.rebrickable.com/media/sets/6273754-1/215.jpg,https://rebrickable.com/sets/6273754-1/easy-build-building-happening-piglet/
19012-1,Bikes!,2019,719,520,https://cdn.rebrickable.com/media/sets/19012-1/96245.jpg,https://rebrickable.com/sets/19012-1/bikes/
70677-1,Land Bounty,2019,435,1189,https://cdn.rebrickable.com/media/sets/70677-1/15333.jpg,https://rebrickable.com/sets/70677-1/land-bounty/
75244-1,Tantive IV,2019,158,1768,https://cdn.rebrickable.com/media/sets/75244-1/22409.jpg,https://rebrickable.com/sets/75244-1/tantive-iv/
21319-1,Central Perk,2019,576,1070,https://cdn.rebrickable.com/media/sets/21319-1/22595.jpg,https://rebrickable.com/sets/21319-1/central-perk/
70669-1,Cole's Earth Driller,2019,435,587,https://cdn.rebrickable.com/media/sets/70669-1/10756.jpg,https://rebrickable.com/sets/70669-1/coles-earth-driller/
70676-1,Lloyd's Titan Mech,2019,435,878,https://cdn.rebrickable.com/media/sets/70676-1/22177.jpg,https://rebrickable.com/sets/70676-1/lloyds-titan-mech/
41168-1,Elsa's Jewelry Box Creation,2019,687,301,https://cdn.rebrickable.com/media/sets/41168-1/15671.jpg,https://rebrickable.com/sets/41168-1/elsas-jewelry-box-creation/
11004-1,Windows of Creativity,2019,621,450,https://cdn.rebrickable.com/media/sets/11004-1/12682.jpg,https://rebrickable.com/sets/11004-1/windows-of-creativity/
76115-1,Spider Mech vs. Venom,2019,706,612,https://cdn.rebrickable.com/media/sets/76115-1/15006.jpg,https://rebrickable.com/sets/76115-1/spider-mech-vs-venom/
40346-1,LEGOLAND Park,2019,425,1336,https://cdn.rebrickable.com/media/sets/40346-1/86416.jpg,https://rebrickable.com/sets/40346-1/legoland-park/
60215-1,Fire Station,2019,58,510,https://cdn.rebrickable.com/media/sets/60215-1/16319.jpg,https://rebrickable.com/sets/60215-1/fire-station/
70849-1,Wyld-Mayhem Star Fighter,2019,670,405,https://cdn.rebrickable.com/media/sets/70849-1/132529.jpg,https://rebrickable.com/sets/70849-1/wyld-mayhem-star-fighter/
70842-1,Emmet's Triple-Decker Couch Mech,2019,670,312,https://cdn.rebrickable.com/media/sets/70842-1/11182.jpg,https://rebrickable.com/sets/70842-1/emmets-triple-decker-couch-mech/
70831-1,Emmet's Dream House / Rescue Rocket!,2019,670,706,https://cdn.rebrickable.com/media/sets/70831-1/14919.jpg,https://rebrickable.com/sets/70831-1/emmets-dream-house-rescue-rocket/
75810-1,The Upside Down,2019,680,2287,https://cdn.rebrickable.com/media/sets/75810-1/15524.jpg,https://rebrickable.com/sets/75810-1/the-upside-down/
19011-1,Vintage Roadster,2019,719,475,https://cdn.rebrickable.com/media/sets/19011-1/96244.jpg,https://rebrickable.com/sets/19011-1/vintage-roadster/
75947-1,Hagrid's Hut: Buckbeak's Rescue,2019,246,496,https://cdn.rebrickable.com/media/sets/75947-1/154.jpg,https://rebrickable.com/sets/75947-1/hagrids-hut-buckbeaks-rescue/
80103-1,Dragon Boat Race,2019,686,645,https://cdn.rebrickable.com/media/sets/80103-1/21451.jpg,https://rebrickable.com/sets/80103-1/dragon-boat-race/
4002019-1,Yuletide Squadron Xmas-Wing Starfighter,2019,599,1039,https://cdn.rebrickable.com/media/sets/4002019-1/10859.jpg,https://rebrickable.com/sets/4002019-1/yuletide-squadron-xmas-wing-starfighter/
21154-1,The Blaze Bridge,2019,577,372,https://cdn.rebrickable.com/media/sets/21154-1/22236.jpg,https://rebrickable.com/sets/21154-1/the-blaze-bridge/
75259-1,Snowspeeder - 20th Anniversary Edition,2019,158,309,https://cdn.rebrickable.com/media/sets/75259-1/12389.jpg,https://rebrickable.com/sets/75259-1/snowspeeder-20th-anniversary-edition/
41382-1,Friends Advent Calendar 2019,2019,216,330,https://cdn.rebrickable.com/media/sets/41382-1/22070.jpg,https://rebrickable.com/sets/41382-1/friends-advent-calendar-2019/
42093-1,Chevrolet Corvette ZR1,2019,1,579,https://cdn.rebrickable.com/media/sets/42093-1/159910.jpg,https://rebrickable.com/sets/42093-1/chevrolet-corvette-zr1/
76119-1,Batmobile: Pursuit of The Joker,2019,697,352,https://cdn.rebrickable.com/media/sets/76119-1/9749.jpg,https://rebrickable.com/sets/76119-1/batmobile-pursuit-of-the-joker/
40433-1,1989 Batmobile - Limited Edition,2019,697,366,https://cdn.rebrickable.com/media/sets/40433-1/22527.jpg,https://rebrickable.com/sets/40433-1/1989-batmobile-limited-edition/
45810-1,BOOMTOWN BUILD Inspire Set,2019,398,738,https://cdn.rebrickable.com/media/sets/45810-1/16313.jpg,https://rebrickable.com/sets/45810-1/boomtown-build-inspire-set/
76139-1,1989 Batmobile,2019,698,3310,https://cdn.rebrickable.com/media/sets/76139-1/15647.jpg,https://rebrickable.com/sets/76139-1/1989-batmobile/
10269-1,Harley-Davidson Fat Boy,2019,673,1023,https://cdn.rebrickable.com/media/sets/10269-1/19446.jpg,https://rebrickable.com/sets/10269-1/harley-davidson-fat-boy/
76122-1,Batcave Clayface Invasion,2019,697,1073,https://cdn.rebrickable.com/media/sets/76122-1/16090.jpg,https://rebrickable.com/sets/76122-1/batcave-clayface-invasion/
76126-1,Avengers Ultimate Quinjet,2019,702,838,https://cdn.rebrickable.com/media/sets/76126-1/19900.jpg,https://rebrickable.com/sets/76126-1/avengers-ultimate-quinjet/
31095-1,Fairground Carousel,2019,672,595,https://cdn.rebrickable.com/media/sets/31095-1/16144.jpg,https://rebrickable.com/sets/31095-1/fairground-carousel/
60214-1,Burger Bar Fire Rescue,2019,58,327,https://cdn.rebrickable.com/media/sets/60214-1/16591.jpg,https://rebrickable.com/sets/60214-1/burger-bar-fire-rescue/
71044-1,Disney Train and Station,2019,608,2927,https://cdn.rebrickable.com/media/sets/71044-1/20106.jpg,https://rebrickable.com/sets/71044-1/disney-train-and-station/
60229-1,Rocket Assembly & Transport,2019,679,1062,https://cdn.rebrickable.com/media/sets/60229-1/19540.jpg,https://rebrickable.com/sets/60229-1/rocket-assembly-transport/
75249-1,Resistance Y-Wing Starfighter,2019,158,578,https://cdn.rebrickable.com/media/sets/75249-1/19467.jpg,https://rebrickable.com/sets/75249-1/resistance-y-wing-starfighter/
75241-1,Action Battle Echo Base Defense,2019,158,504,https://cdn.rebrickable.com/media/sets/75241-1/21328.jpg,https://rebrickable.com/sets/75241-1/action-battle-echo-base-defense/
75252-1,Imperial Star Destroyer,2019,171,4784,https://cdn.rebrickable.com/media/sets/75252-1/22674.jpg,https://rebrickable.com/sets/75252-1/imperial-star-destroyer/
75233-1,Droid Gunship,2019,158,389,https://cdn.rebrickable.com/media/sets/75233-1/16419.jpg,https://rebrickable.com/sets/75233-1/droid-gunship/
75893-1,2018 Dodge Challenger SRT Demon and 1970 Dodge Charger R/T,2019,601,485,https://cdn.rebrickable.com/media/sets/75893-1/15770.jpg,https://rebrickable.com/sets/75893-1/2018-dodge-challenger-srt-demon-and-1970-dodge-charger-rt/
4000034-1,The LEGO System House,2019,599,998,https://cdn.rebrickable.com/media/sets/4000034-1/15820.jpg,https://rebrickable.com/sets/4000034-1/the-lego-system-house/
41375-1,Heartlake City Amusement Pier,2019,494,1267,https://cdn.rebrickable.com/media/sets/41375-1/21364.jpg,https://rebrickable.com/sets/41375-1/heartlake-city-amusement-pier/
70837-1,Shimmer & Shine Sparkle Spa!,2019,670,694,https://cdn.rebrickable.com/media/sets/70837-1/132474.jpg,https://rebrickable.com/sets/70837-1/shimmer-shine-sparkle-spa/
31093-1,Riverside Houseboat,2019,672,396,https://cdn.rebrickable.com/media/sets/31093-1/15474.jpg,https://rebrickable.com/sets/31093-1/riverside-houseboat/
31098-1,Outback Cabin,2019,672,305,https://cdn.rebrickable.com/media/sets/31098-1/13341.jpg,https://rebrickable.com/sets/31098-1/outback-cabin/
4000041-1,MRI Scanner,2019,301,556,https://cdn.rebrickable.com/media/sets/4000041-1/136065.jpg,https://rebrickable.com/sets/4000041-1/mri-scanner/
70840-1,Welcome to Apocalypseburg!,2019,670,3178,https://cdn.rebrickable.com/media/sets/70840-1/16365.jpg,https://rebrickable.com/sets/70840-1/welcome-to-apocalypseburg/
41374-1,Andrea's Pool Party,2019,494,468,https://cdn.rebrickable.com/media/sets/41374-1/624.jpg,https://rebrickable.com/sets/41374-1/andreas-pool-party/
9090-2,XL Bulk Set,2019,516,564,https://cdn.rebrickable.com/media/sets/9090-2/68664.jpg,https://rebrickable.com/sets/9090-2/xl-bulk-set/
42094-1,Tracked Loader,2019,1,827,https://cdn.rebrickable.com/media/sets/42094-1/10779.jpg,https://rebrickable.com/sets/42094-1/tracked-loader/
70673-1,ShuriCopter,2019,435,364,https://cdn.rebrickable.com/media/sets/70673-1/21232.jpg,https://rebrickable.com/sets/70673-1/shuricopter/
21046-1,Empire State Building,2019,252,1767,https://cdn.rebrickable.com/media/sets/21046-1/22370.jpg,https://rebrickable.com/sets/21046-1/empire-state-building/
75973-1,D.Va & Reinhardt,2019,669,455,https://cdn.rebrickable.com/media/sets/75973-1/10719.jpg,https://rebrickable.com/sets/75973-1/dva-reinhardt/
41373-1,Funny Octopus Ride,2019,494,324,https://cdn.rebrickable.com/media/sets/41373-1/21539.jpg,https://rebrickable.com/sets/41373-1/funny-octopus-ride/
42095-1,Remote-Controlled Stunt Racer,2019,1,324,https://cdn.rebrickable.com/media/sets/42095-1/10695.jpg,https://rebrickable.com/sets/42095-1/remote-controlled-stunt-racer/
19002-1,Antique Fire Engine,2019,719,1279,https://cdn.rebrickable.com/media/sets/19002-1/96233.jpg,https://rebrickable.com/sets/19002-1/antique-fire-engine/
75964-1,Harry Potter Advent Calendar 2019,2019,710,305,https://cdn.rebrickable.com/media/sets/75964-1/11548.jpg,https://rebrickable.com/sets/75964-1/harry-potter-advent-calendar-2019/
21320-1,Dinosaur Fossils,2019,576,911,https://cdn.rebrickable.com/media/sets/21320-1/22334.jpg,https://rebrickable.com/sets/21320-1/dinosaur-fossils/
70422-1,Shrimp Shack Attack,2019,676,579,https://cdn.rebrickable.com/media/sets/70422-1/14931.jpg,https://rebrickable.com/sets/70422-1/shrimp-shack-attack/
70420-1,Graveyard Mystery,2019,676,336,https://cdn.rebrickable.com/media/sets/70420-1/22583.jpg,https://rebrickable.com/sets/70420-1/graveyard-mystery/
70820-1,Movie Maker,2019,670,482,https://cdn.rebrickable.com/media/sets/70820-1/17535.jpg,https://rebrickable.com/sets/70820-1/movie-maker/
70827-1,Ultrakatty & Warrior Lucy!,2019,670,348,https://cdn.rebrickable.com/media/sets/70827-1/15000.jpg,https://rebrickable.com/sets/70827-1/ultrakatty-warrior-lucy/
70835-1,Rex's Rexplorer!,2019,670,1187,https://cdn.rebrickable.com/media/sets/70835-1/17349.jpg,https://rebrickable.com/sets/70835-1/rexs-rexplorer/
70830-1,Sweet Mayhem's Systar Starship!,2019,670,502,https://cdn.rebrickable.com/media/sets/70830-1/188.jpg,https://rebrickable.com/sets/70830-1/sweet-mayhems-systar-starship/
80101-1,Chinese New Year's Eve Dinner,2019,686,616,https://cdn.rebrickable.com/media/sets/80101-1/20525.jpg,https://rebrickable.com/sets/80101-1/chinese-new-years-eve-dinner/
70670-1,Monastery of Spinjitzu,2019,435,1080,https://cdn.rebrickable.com/media/sets/70670-1/11826.jpg,https://rebrickable.com/sets/70670-1/monastery-of-spinjitzu/
70678-1,Castle of the Forsaken Emperor,2019,435,1223,https://cdn.rebrickable.com/media/sets/70678-1/10667.jpg,https://rebrickable.com/sets/70678-1/castle-of-the-forsaken-emperor/
80102-1,Dragon Dance,2019,686,622,https://cdn.rebrickable.com/media/sets/80102-1/14255.jpg,https://rebrickable.com/sets/80102-1/dragon-dance/
75229-1,Death Star Escape,2019,158,329,https://cdn.rebrickable.com/media/sets/75229-1/16215.jpg,https://rebrickable.com/sets/75229-1/death-star-escape/
70679-1,The Ultra Dragon,2019,435,952,https://cdn.rebrickable.com/media/sets/70679-1/9822.jpg,https://rebrickable.com/sets/70679-1/the-ultra-dragon/
42098-1,Car Transporter,2019,1,2493,https://cdn.rebrickable.com/media/sets/42098-1/13686.jpg,https://rebrickable.com/sets/42098-1/car-transporter/
42092-1,Rescue Helicopter,2019,1,325,https://cdn.rebrickable.com/media/sets/42092-1/16170.jpg,https://rebrickable.com/sets/42092-1/rescue-helicopter/
19006-1,Eight Studs,2019,719,1394,https://cdn.rebrickable.com/media/sets/19006-1/96236.jpg,https://rebrickable.com/sets/19006-1/eight-studs/
75932-1,Jurassic Park Velociraptor Chase,2018,602,360,https://cdn.rebrickable.com/media/sets/75932-1/11331.jpg,https://rebrickable.com/sets/75932-1/jurassic-park-velociraptor-chase/
75230-1,Porg,2018,158,811,https://cdn.rebrickable.com/media/sets/75230-1/11374.jpg,https://rebrickable.com/sets/75230-1/porg/
41338-1,Stephanie's Sports Arena,2018,494,460,https://cdn.rebrickable.com/media/sets/41338-1/11259.jpg,https://rebrickable.com/sets/41338-1/stephanies-sports-arena/
60200-1,Capital City,2018,63,1211,https://cdn.rebrickable.com/media/sets/60200-1/2696.jpg,https://rebrickable.com/sets/60200-1/capital-city/
41336-1,Emma's Art Café,2018,494,378,https://cdn.rebrickable.com/media/sets/41336-1/5161.jpg,https://rebrickable.com/sets/41336-1/emmas-art-café/
70640-1,S.O.G. Headquarters,2018,435,531,https://cdn.rebrickable.com/media/sets/70640-1/2212.jpg,https://rebrickable.com/sets/70640-1/sog-headquarters/
75955-1,Hogwarts Express,2018,246,806,https://cdn.rebrickable.com/media/sets/75955-1/13583.jpg,https://rebrickable.com/sets/75955-1/hogwarts-express/
41454-1,Dr. Fox Laboratory,2018,625,359,https://cdn.rebrickable.com/media/sets/41454-1/1655.jpg,https://rebrickable.com/sets/41454-1/dr-fox-laboratory/
6268522-1,Hermione Granger Mosaic,2018,246,2305,https://cdn.rebrickable.com/media/sets/6268522-1/12706.jpg,https://rebrickable.com/sets/6268522-1/hermione-granger-mosaic/
60182-1,Pickup & Caravan,2018,63,344,https://cdn.rebrickable.com/media/sets/60182-1/955.jpg,https://rebrickable.com/sets/60182-1/pickup-caravan/
41335-1,Mia's Tree House,2018,494,351,https://cdn.rebrickable.com/media/sets/41335-1/594.jpg,https://rebrickable.com/sets/41335-1/mias-tree-house/
10261-1,Roller Coaster,2018,673,4124,https://cdn.rebrickable.com/media/sets/10261-1/10715.jpg,https://rebrickable.com/sets/10261-1/roller-coaster/
6250093-1,Iron Man Mosaic,2018,705,2305,https://cdn.rebrickable.com/media/sets/6250093-1/4891.jpg,https://rebrickable.com/sets/6250093-1/iron-man-mosaic/
40291-1,Creative Storybook,2018,598,307,https://cdn.rebrickable.com/media/sets/40291-1/2652.jpg,https://rebrickable.com/sets/40291-1/creative-storybook/
31084-1,Pirate Roller Coaster,2018,672,923,https://cdn.rebrickable.com/media/sets/31084-1/2614.jpg,https://rebrickable.com/sets/31084-1/pirate-roller-coaster/
75188-2,Resistance Bomber (Finch Dallow version),2018,158,780,https://cdn.rebrickable.com/media/sets/75188-2/56973.jpg,https://rebrickable.com/sets/75188-2/resistance-bomber-finch-dallow-version/
75928-1,Blue's Helicopter Pursuit,2018,602,397,https://cdn.rebrickable.com/media/sets/75928-1/9334.jpg,https://rebrickable.com/sets/75928-1/blues-helicopter-pursuit/
75889-1,Ferrari Ultimate Garage,2018,601,856,https://cdn.rebrickable.com/media/sets/75889-1/26137.jpg,https://rebrickable.com/sets/75889-1/ferrari-ultimate-garage/
60194-1,Arctic Scout Truck,2018,65,322,https://cdn.rebrickable.com/media/sets/60194-1/15650.jpg,https://rebrickable.com/sets/60194-1/arctic-scout-truck/
60174-1,Mountain Police Headquarters,2018,61,663,https://cdn.rebrickable.com/media/sets/60174-1/319.jpg,https://rebrickable.com/sets/60174-1/mountain-police-headquarters/
70655-1,Dragon Pit,2018,435,1669,https://cdn.rebrickable.com/media/sets/70655-1/2768.jpg,https://rebrickable.com/sets/70655-1/dragon-pit/
41194-1,Noctura's Tower & the Earth Fox Rescue,2018,600,648,https://cdn.rebrickable.com/media/sets/41194-1/11780.jpg,https://rebrickable.com/sets/41194-1/nocturas-tower-the-earth-fox-rescue/
40289-1,Diagon Alley,2018,246,374,https://cdn.rebrickable.com/media/sets/40289-1/9618.jpg,https://rebrickable.com/sets/40289-1/diagon-alley/
60173-1,Mountain Arrest,2018,61,303,https://cdn.rebrickable.com/media/sets/60173-1/529.jpg,https://rebrickable.com/sets/60173-1/mountain-arrest/
10404-1,Ocean's Bottom,2018,621,579,https://cdn.rebrickable.com/media/sets/10404-1/11258.jpg,https://rebrickable.com/sets/10404-1/oceans-bottom/
60197-1,Passenger Train,2018,66,677,https://cdn.rebrickable.com/media/sets/60197-1/11610.jpg,https://rebrickable.com/sets/60197-1/passenger-train/
21315-1,Pop-Up Book,2018,576,859,https://cdn.rebrickable.com/media/sets/21315-1/6255.jpg,https://rebrickable.com/sets/21315-1/pop-up-book/
70657-1,NINJAGO City Docks,2018,616,3555,https://cdn.rebrickable.com/media/sets/70657-1/6267.jpg,https://rebrickable.com/sets/70657-1/ninjago-city-docks/
41343-1,Heartlake City Airplane Tour,2018,494,331,https://cdn.rebrickable.com/media/sets/41343-1/4640.jpg,https://rebrickable.com/sets/41343-1/heartlake-city-airplane-tour/
41193-1,Aira & the Song of the Wind Dragon,2018,600,451,https://cdn.rebrickable.com/media/sets/41193-1/4584.jpg,https://rebrickable.com/sets/41193-1/aira-the-song-of-the-wind-dragon/
4000025-1,Ferguson Tractor,2018,599,445,https://cdn.rebrickable.com/media/sets/4000025-1/961.jpg,https://rebrickable.com/sets/4000025-1/ferguson-tractor/
60183-1,Heavy Cargo Transport,2018,63,310,https://cdn.rebrickable.com/media/sets/60183-1/263.jpg,https://rebrickable.com/sets/60183-1/heavy-cargo-transport/
41157-1,Rapunzel's Travelling Caravan,2018,579,323,https://cdn.rebrickable.com/media/sets/41157-1/10176.jpg,https://rebrickable.com/sets/41157-1/rapunzels-travelling-caravan/
41154-1,Cinderella's Dream Castle,2018,579,586,https://cdn.rebrickable.com/media/sets/41154-1/978.jpg,https://rebrickable.com/sets/41154-1/cinderellas-dream-castle/
75222-1,Betrayal at Cloud City,2018,158,2812,https://cdn.rebrickable.com/media/sets/75222-1/13868.jpg,https://rebrickable.com/sets/75222-1/betrayal-at-cloud-city/
41196-1,The Elvenstar Tree Bat Attack,2018,600,883,https://cdn.rebrickable.com/media/sets/41196-1/4626.jpg,https://rebrickable.com/sets/41196-1/the-elvenstar-tree-bat-attack/
60175-1,Mountain River Heist,2018,61,387,https://cdn.rebrickable.com/media/sets/60175-1/11549.jpg,https://rebrickable.com/sets/60175-1/mountain-river-heist/
41455-1,Unikingdom Creative Brick Box,2018,625,433,https://cdn.rebrickable.com/media/sets/41455-1/1659.jpg,https://rebrickable.com/sets/41455-1/unikingdom-creative-brick-box/
75215-1,Cloud-Rider Swoop Bikes,2018,158,355,https://cdn.rebrickable.com/media/sets/75215-1/10522.jpg,https://rebrickable.com/sets/75215-1/cloud-rider-swoop-bikes/
72004-1,Tech Wizard Showdown,2018,605,506,https://cdn.rebrickable.com/media/sets/72004-1/4151.jpg,https://rebrickable.com/sets/72004-1/tech-wizard-showdown/
71043-1,Hogwarts Castle,2018,246,6020,https://cdn.rebrickable.com/media/sets/71043-1/15516.jpg,https://rebrickable.com/sets/71043-1/hogwarts-castle/
42080-1,Forest Machine,2018,1,1003,https://cdn.rebrickable.com/media/sets/42080-1/628.jpg,https://rebrickable.com/sets/42080-1/forest-machine/
10262-1,James Bond Aston Martin DB5,2018,673,1297,https://cdn.rebrickable.com/media/sets/10262-1/10822.jpg,https://rebrickable.com/sets/10262-1/james-bond-aston-martin-db5/
10268-1,Vestas Wind Turbine,2018,673,834,https://cdn.rebrickable.com/media/sets/10268-1/15450.jpg,https://rebrickable.com/sets/10268-1/vestas-wind-turbine/
21146-1,The Skeleton Attack,2018,577,457,https://cdn.rebrickable.com/media/sets/21146-1/607.jpg,https://rebrickable.com/sets/21146-1/the-skeleton-attack/
10717-1,Bricks Bricks Bricks,2018,621,1500,https://cdn.rebrickable.com/media/sets/10717-1/13601.jpg,https://rebrickable.com/sets/10717-1/bricks-bricks-bricks/
41340-1,Friendship House,2018,494,730,https://cdn.rebrickable.com/media/sets/41340-1/3894.jpg,https://rebrickable.com/sets/41340-1/friendship-house/
31080-1,Modular Winter Vacation,2018,672,374,https://cdn.rebrickable.com/media/sets/31080-1/10713.jpg,https://rebrickable.com/sets/31080-1/modular-winter-vacation/
40290-1,60 Years of the LEGO Brick,2018,598,421,https://cdn.rebrickable.com/media/sets/40290-1/11271.jpg,https://rebrickable.com/sets/40290-1/60-years-of-the-lego-brick/
41597-1,Go Brick Me,2018,610,708,https://cdn.rebrickable.com/media/sets/41597-1/13743.jpg,https://rebrickable.com/sets/41597-1/go-brick-me/
60196-1,Arctic Supply Plane,2018,65,707,https://cdn.rebrickable.com/media/sets/60196-1/1499.jpg,https://rebrickable.com/sets/60196-1/arctic-supply-plane/
70643-1,Temple of Resurrection,2018,435,765,https://cdn.rebrickable.com/media/sets/70643-1/13840.jpg,https://rebrickable.com/sets/70643-1/temple-of-resurrection/
75216-1,Snoke's Throne Room,2018,158,492,https://cdn.rebrickable.com/media/sets/75216-1/16320.jpg,https://rebrickable.com/sets/75216-1/snokes-throne-room/
75953-1,Hogwarts Whomping Willow,2018,246,754,https://cdn.rebrickable.com/media/sets/75953-1/16492.jpg,https://rebrickable.com/sets/75953-1/hogwarts-whomping-willow/
40198-1,Ludo Game,2018,301,389,https://cdn.rebrickable.com/media/sets/40198-1/5.jpg,https://rebrickable.com/sets/40198-1/ludo-game/
21144-1,The Farm Cottage,2018,577,549,https://cdn.rebrickable.com/media/sets/21144-1/1061.jpg,https://rebrickable.com/sets/21144-1/the-farm-cottage/
70923-1,The Bat-Space Shuttle,2018,708,643,https://cdn.rebrickable.com/media/sets/70923-1/927.jpg,https://rebrickable.com/sets/70923-1/the-bat-space-shuttle/
41352-1,The Big Race Day,2018,494,648,https://cdn.rebrickable.com/media/sets/41352-1/1119.jpg,https://rebrickable.com/sets/41352-1/the-big-race-day/
41351-1,Creative Tuning Shop,2018,494,421,https://cdn.rebrickable.com/media/sets/41351-1/25298.jpg,https://rebrickable.com/sets/41351-1/creative-tuning-shop/
70654-1,Dieselnaut,2018,435,1188,https://cdn.rebrickable.com/media/sets/70654-1/2775.jpg,https://rebrickable.com/sets/70654-1/dieselnaut/
42076-1,Hovercraft,2018,1,1020,https://cdn.rebrickable.com/media/sets/42076-1/900.jpg,https://rebrickable.com/sets/42076-1/hovercraft/
21147-1,The Bedrock Adventures,2018,577,644,https://cdn.rebrickable.com/media/sets/21147-1/610.jpg,https://rebrickable.com/sets/21147-1/the-bedrock-adventures/
42081-1,Volvo Concept Wheel Loader ZEUX,2018,1,1167,https://cdn.rebrickable.com/media/sets/42081-1/629.jpg,https://rebrickable.com/sets/42081-1/volvo-concept-wheel-loader-zeux/
41350-1,Spinning Brushes Car Wash,2018,494,325,https://cdn.rebrickable.com/media/sets/41350-1/6610.jpg,https://rebrickable.com/sets/41350-1/spinning-brushes-car-wash/
42078-1,Mack Anthem,2018,1,2595,https://cdn.rebrickable.com/media/sets/42078-1/1195.jpg,https://rebrickable.com/sets/42078-1/mack-anthem/
21039-1,Shanghai,2018,253,597,https://cdn.rebrickable.com/media/sets/21039-1/14818.jpg,https://rebrickable.com/sets/21039-1/shanghai/
21311-1,Voltron,2018,576,2321,https://cdn.rebrickable.com/media/sets/21311-1/10369.jpg,https://rebrickable.com/sets/21311-1/voltron/
41353-1,Friends Advent Calendar 2018,2018,216,500,https://cdn.rebrickable.com/media/sets/41353-1/12358.jpg,https://rebrickable.com/sets/41353-1/friends-advent-calendar-2018/
40292-1,Christmas Gift Box,2018,227,301,https://cdn.rebrickable.com/media/sets/40292-1/5810.jpg,https://rebrickable.com/sets/40292-1/christmas-gift-box/
21041-1,Great Wall of China,2018,252,550,https://cdn.rebrickable.com/media/sets/21041-1/15525.jpg,https://rebrickable.com/sets/21041-1/great-wall-of-china/
75956-1,Quidditch Match,2018,246,500,https://cdn.rebrickable.com/media/sets/75956-1/9559.jpg,https://rebrickable.com/sets/75956-1/quidditch-match/
72003-1,Berserker Bomber,2018,605,369,https://cdn.rebrickable.com/media/sets/72003-1/9299.jpg,https://rebrickable.com/sets/72003-1/berserker-bomber/
75929-1,Carnotaurus Gyrosphere Escape,2018,602,577,https://cdn.rebrickable.com/media/sets/75929-1/10508.jpg,https://rebrickable.com/sets/75929-1/carnotaurus-gyrosphere-escape/
60188-1,Mining Experts Site,2018,56,883,https://cdn.rebrickable.com/media/sets/60188-1/1487.jpg,https://rebrickable.com/sets/60188-1/mining-experts-site/
70921-1,Harley Quinn Cannonball Attack,2018,708,425,https://cdn.rebrickable.com/media/sets/70921-1/599.jpg,https://rebrickable.com/sets/70921-1/harley-quinn-cannonball-attack/
75933-1,T-Rex Transport,2018,602,609,https://cdn.rebrickable.com/media/sets/75933-1/4906.jpg,https://rebrickable.com/sets/75933-1/t-rex-transport/
70652-1,Stormbringer,2018,435,498,https://cdn.rebrickable.com/media/sets/70652-1/15649.jpg,https://rebrickable.com/sets/70652-1/stormbringer/
42079-1,Heavy Duty Forklift,2018,1,592,https://cdn.rebrickable.com/media/sets/42079-1/617.jpg,https://rebrickable.com/sets/42079-1/heavy-duty-forklift/
75213-1,Star Wars Advent Calendar 2018,2018,209,307,https://cdn.rebrickable.com/media/sets/75213-1/5398.jpg,https://rebrickable.com/sets/75213-1/star-wars-advent-calendar-2018/
4000026-1,Tree of Creativity,2018,599,840,https://cdn.rebrickable.com/media/sets/4000026-1/61985.jpg,https://rebrickable.com/sets/4000026-1/tree-of-creativity/
41152-1,Sleeping Beauty's Fairytale Castle,2018,579,322,https://cdn.rebrickable.com/media/sets/41152-1/1391.jpg,https://rebrickable.com/sets/41152-1/sleeping-beautys-fairytale-castle/
10263-1,Winter Village Fire Station,2018,228,1166,https://cdn.rebrickable.com/media/sets/10263-1/13339.jpg,https://rebrickable.com/sets/10263-1/winter-village-fire-station/
41192-1,Azari & the Fire Lion Capture,2018,600,360,https://cdn.rebrickable.com/media/sets/41192-1/4558.jpg,https://rebrickable.com/sets/41192-1/azari-the-fire-lion-capture/
76104-1,The Hulkbuster Smash-Up,2018,702,375,https://cdn.rebrickable.com/media/sets/76104-1/1995.jpg,https://rebrickable.com/sets/76104-1/the-hulkbuster-smash-up/
45806-1,INTO ORBIT Challenge Kit,2018,398,1910,https://cdn.rebrickable.com/media/sets/45806-1/10414.jpg,https://rebrickable.com/sets/45806-1/into-orbit-challenge-kit/
75211-1,Imperial TIE Fighter,2018,158,519,https://cdn.rebrickable.com/media/sets/75211-1/5557.jpg,https://rebrickable.com/sets/75211-1/imperial-tie-fighter/
41456-1,Unikingdom Fairground Fun,2018,625,515,https://cdn.rebrickable.com/media/sets/41456-1/10257.jpg,https://rebrickable.com/sets/41456-1/unikingdom-fairground-fun/
41623-1,Ariel & Ursula,2018,610,361,https://cdn.rebrickable.com/media/sets/41623-1/9551.jpg,https://rebrickable.com/sets/41623-1/ariel-ursula/
75221-1,Imperial Landing Craft,2018,158,636,https://cdn.rebrickable.com/media/sets/75221-1/4625.jpg,https://rebrickable.com/sets/75221-1/imperial-landing-craft/
45807-1,Mission MOON Inspire Set,2018,398,693,https://cdn.rebrickable.com/media/sets/45807-1/16310.jpg,https://rebrickable.com/sets/45807-1/mission-moon-inspire-set/
72005-1,Aaron's X-bow,2018,605,569,https://cdn.rebrickable.com/media/sets/72005-1/564.jpg,https://rebrickable.com/sets/72005-1/aarons-x-bow/
75212-1,Kessel Run Millennium Falcon,2018,158,1414,https://cdn.rebrickable.com/media/sets/75212-1/3945.jpg,https://rebrickable.com/sets/75212-1/kessel-run-millennium-falcon/
70615-1,Fire Mech,2017,616,944,https://cdn.rebrickable.com/media/sets/70615-1/3964.jpg,https://rebrickable.com/sets/70615-1/fire-mech/
42066-1,Air Race Jet,2017,1,1151,https://cdn.rebrickable.com/media/sets/42066-1/30204.jpg,https://rebrickable.com/sets/42066-1/air-race-jet/
21130-1,The Nether Railway,2017,577,387,https://cdn.rebrickable.com/media/sets/21130-1/11825.jpg,https://rebrickable.com/sets/21130-1/the-nether-railway/
76081-1,The Milano vs. The Abilisk,2017,704,462,https://cdn.rebrickable.com/media/sets/76081-1/15547.jpg,https://rebrickable.com/sets/76081-1/the-milano-vs-the-abilisk/
70356-1,The Stone Colossus of Ultimate Destruction,2017,605,786,https://cdn.rebrickable.com/media/sets/70356-1/5570.jpg,https://rebrickable.com/sets/70356-1/the-stone-colossus-of-ultimate-destruction/
42069-1,Extreme Adventure,2017,1,2382,https://cdn.rebrickable.com/media/sets/42069-1/4847.jpg,https://rebrickable.com/sets/42069-1/extreme-adventure/
31067-1,Modular Poolside Holiday,2017,672,356,https://cdn.rebrickable.com/media/sets/31067-1/841.jpg,https://rebrickable.com/sets/31067-1/modular-poolside-holiday/
70620-1,NINJAGO City,2017,616,4873,https://cdn.rebrickable.com/media/sets/70620-1/30657.jpg,https://rebrickable.com/sets/70620-1/ninjago-city/
75186-1,The Arrowhead,2017,158,775,https://cdn.rebrickable.com/media/sets/75186-1/29432.jpg,https://rebrickable.com/sets/75186-1/the-arrowhead/
75179-1,Kylo Ren's TIE Fighter,2017,158,630,https://cdn.rebrickable.com/media/sets/75179-1/13433.jpg,https://rebrickable.com/sets/75179-1/kylo-rens-tie-fighter/
41323-1,Snow Resort Chalet,2017,494,402,https://cdn.rebrickable.com/media/sets/41323-1/577.jpg,https://rebrickable.com/sets/41323-1/snow-resort-chalet/
70616-1,Ice Tank,2017,616,914,https://cdn.rebrickable.com/media/sets/70616-1/15616.jpg,https://rebrickable.com/sets/70616-1/ice-tank/
76080-1,Ayesha's Revenge,2017,704,324,https://cdn.rebrickable.com/media/sets/76080-1/30646.jpg,https://rebrickable.com/sets/76080-1/ayeshas-revenge/
75171-1,Battle on Scarif,2017,158,419,https://cdn.rebrickable.com/media/sets/75171-1/3901.jpg,https://rebrickable.com/sets/75171-1/battle-on-scarif/
41311-1,Heartlake Pizzeria,2017,494,305,https://cdn.rebrickable.com/media/sets/41311-1/15340.jpg,https://rebrickable.com/sets/41311-1/heartlake-pizzeria/
10703-1,Creative Builder Box,2017,621,502,https://cdn.rebrickable.com/media/sets/10703-1/5060.jpg,https://rebrickable.com/sets/10703-1/creative-builder-box/
70632-1,Quake Mech,2017,616,1202,https://cdn.rebrickable.com/media/sets/70632-1/2494.jpg,https://rebrickable.com/sets/70632-1/quake-mech/
4002017-1,Nutcracker,2017,599,732,https://cdn.rebrickable.com/media/sets/4002017-1/10145.jpg,https://rebrickable.com/sets/4002017-1/nutcracker/
70914-1,Bane Toxic Truck Attack,2017,708,366,https://cdn.rebrickable.com/media/sets/70914-1/2220.jpg,https://rebrickable.com/sets/70914-1/bane-toxic-truck-attack/
21132-1,The Jungle Temple,2017,577,598,https://cdn.rebrickable.com/media/sets/21132-1/31062.jpg,https://rebrickable.com/sets/21132-1/the-jungle-temple/
75883-1,MERCEDES AMG PETRONAS Formula One Team,2017,601,963,https://cdn.rebrickable.com/media/sets/75883-1/14504.jpg,https://rebrickable.com/sets/75883-1/mercedes-amg-petronas-formula-one-team/
70614-1,Lightning Jet,2017,616,876,https://cdn.rebrickable.com/media/sets/70614-1/9375.jpg,https://rebrickable.com/sets/70614-1/lightning-jet/
70352-1,Jestro's Headquarters,2017,605,840,https://cdn.rebrickable.com/media/sets/70352-1/9722.jpg,https://rebrickable.com/sets/70352-1/jestros-headquarters/
70355-1,Aaron's Rock Climber,2017,605,598,https://cdn.rebrickable.com/media/sets/70355-1/5561.jpg,https://rebrickable.com/sets/70355-1/aarons-rock-climber/
21036-1,Arc de Triomphe,2017,252,386,https://cdn.rebrickable.com/media/sets/21036-1/12061.jpg,https://rebrickable.com/sets/21036-1/arc-de-triomphe/
17101-1,Creative Toolbox,2017,301,847,https://cdn.rebrickable.com/media/sets/17101-1/15362.jpg,https://rebrickable.com/sets/17101-1/creative-toolbox/
60141-1,Police Station,2017,61,894,https://cdn.rebrickable.com/media/sets/60141-1/31025.jpg,https://rebrickable.com/sets/60141-1/police-station/
70909-1,Batcave Break-in,2017,708,1047,https://cdn.rebrickable.com/media/sets/70909-1/13630.jpg,https://rebrickable.com/sets/70909-1/batcave-break-in/
75185-1,Tracker I,2017,158,557,https://cdn.rebrickable.com/media/sets/75185-1/3383.jpg,https://rebrickable.com/sets/75185-1/tracker-i/
41318-1,Heartlake Hospital,2017,494,880,https://cdn.rebrickable.com/media/sets/41318-1/16617.jpg,https://rebrickable.com/sets/41318-1/heartlake-hospital/
41184-1,Aira's Airship & the Amulet Chase,2017,600,343,https://cdn.rebrickable.com/media/sets/41184-1/3481.jpg,https://rebrickable.com/sets/41184-1/airas-airship-the-amulet-chase/
70905-1,The Batmobile,2017,708,581,https://cdn.rebrickable.com/media/sets/70905-1/27656.jpg,https://rebrickable.com/sets/70905-1/the-batmobile/
41146-1,Cinderella's Enchanted Evening,2017,579,351,https://cdn.rebrickable.com/media/sets/41146-1/3891.jpg,https://rebrickable.com/sets/41146-1/cinderellas-enchanted-evening/
41314-1,Stephanie's House,2017,494,640,https://cdn.rebrickable.com/media/sets/41314-1/55285.jpg,https://rebrickable.com/sets/41314-1/stephanies-house/
10255-1,Assembly Square,2017,155,4002,https://cdn.rebrickable.com/media/sets/10255-1/2441.jpg,https://rebrickable.com/sets/10255-1/assembly-square/
60154-1,Bus Station,2017,63,337,https://cdn.rebrickable.com/media/sets/60154-1/9271.jpg,https://rebrickable.com/sets/60154-1/bus-station/
76088-1,Thor vs. Hulk: Arena Clash,2017,696,493,https://cdn.rebrickable.com/media/sets/76088-1/15892.jpg,https://rebrickable.com/sets/76088-1/thor-vs-hulk-arena-clash/
70609-1,Manta Ray Bomber,2017,616,341,https://cdn.rebrickable.com/media/sets/70609-1/31093.jpg,https://rebrickable.com/sets/70609-1/manta-ray-bomber/
75182-1,Republic Fighter Tank,2017,158,305,https://cdn.rebrickable.com/media/sets/75182-1/27649.jpg,https://rebrickable.com/sets/75182-1/republic-fighter-tank/
21310-1,Old Fishing Store,2017,576,2057,https://cdn.rebrickable.com/media/sets/21310-1/30994.jpg,https://rebrickable.com/sets/21310-1/old-fishing-store/
75175-1,A-Wing Starfighter,2017,158,358,https://cdn.rebrickable.com/media/sets/75175-1/14327.jpg,https://rebrickable.com/sets/75175-1/a-wing-starfighter/
42062-1,Container Yard,2017,1,631,https://cdn.rebrickable.com/media/sets/42062-1/3776.jpg,https://rebrickable.com/sets/42062-1/container-yard/
75180-1,Rathtar Escape,2017,158,836,https://cdn.rebrickable.com/media/sets/75180-1/30726.jpg,https://rebrickable.com/sets/75180-1/rathtar-escape/
70904-1,Clayface Splat Attack,2017,708,448,https://cdn.rebrickable.com/media/sets/70904-1/5509.jpg,https://rebrickable.com/sets/70904-1/clayface-splat-attack/
41312-1,Heartlake Sports Center,2017,494,328,https://cdn.rebrickable.com/media/sets/41312-1/17163.jpg,https://rebrickable.com/sets/41312-1/heartlake-sports-center/
70625-1,Samurai VXL,2017,435,430,https://cdn.rebrickable.com/media/sets/70625-1/26838.jpg,https://rebrickable.com/sets/70625-1/samurai-vxl/
75188-1,Resistance Bomber,2017,158,780,https://cdn.rebrickable.com/media/sets/75188-1/17526.jpg,https://rebrickable.com/sets/75188-1/resistance-bomber/
40174-1,LEGO Chess,2017,301,1450,https://cdn.rebrickable.com/media/sets/40174-1/3001.jpg,https://rebrickable.com/sets/40174-1/lego-chess/
31065-1,Park Street Townhouse,2017,672,566,https://cdn.rebrickable.com/media/sets/31065-1/29460.jpg,https://rebrickable.com/sets/31065-1/park-street-townhouse/
21032-1,Sydney,2017,253,361,https://cdn.rebrickable.com/media/sets/21032-1/12147.jpg,https://rebrickable.com/sets/21032-1/sydney/
75191-1,Jedi Starfighter with Hyperdrive,2017,158,832,https://cdn.rebrickable.com/media/sets/75191-1/93608.jpg,https://rebrickable.com/sets/75191-1/jedi-starfighter-with-hyperdrive/
76083-1,Beware the Vulture,2017,706,376,https://cdn.rebrickable.com/media/sets/76083-1/16559.jpg,https://rebrickable.com/sets/76083-1/beware-the-vulture/
70610-1,Flying Jelly Sub,2017,616,341,https://cdn.rebrickable.com/media/sets/70610-1/13045.jpg,https://rebrickable.com/sets/70610-1/flying-jelly-sub/
60161-1,Jungle Exploration Site,2017,614,813,https://cdn.rebrickable.com/media/sets/60161-1/3910.jpg,https://rebrickable.com/sets/60161-1/jungle-exploration-site/
60143-1,Auto Transport Heist,2017,61,403,https://cdn.rebrickable.com/media/sets/60143-1/28136.jpg,https://rebrickable.com/sets/60143-1/auto-transport-heist/
75172-1,Y-Wing Starfighter,2017,158,691,https://cdn.rebrickable.com/media/sets/75172-1/14433.jpg,https://rebrickable.com/sets/75172-1/y-wing-starfighter/
75192-1,Millennium Falcon,2017,171,7541,https://cdn.rebrickable.com/media/sets/75192-1/30881.jpg,https://rebrickable.com/sets/75192-1/millennium-falcon/
70922-1,The Joker Manor,2017,708,3445,https://cdn.rebrickable.com/media/sets/70922-1/9300.jpg,https://rebrickable.com/sets/70922-1/the-joker-manor/
21033-1,Chicago,2017,253,444,https://cdn.rebrickable.com/media/sets/21033-1/15369.jpg,https://rebrickable.com/sets/21033-1/chicago/
21131-1,The Ice Spikes,2017,577,454,https://cdn.rebrickable.com/media/sets/21131-1/1127.jpg,https://rebrickable.com/sets/21131-1/the-ice-spikes/
70906-1,The Joker Notorious Lowrider,2017,708,433,https://cdn.rebrickable.com/media/sets/70906-1/27825.jpg,https://rebrickable.com/sets/70906-1/the-joker-notorious-lowrider/
75189-1,First Order Heavy Assault Walker,2017,158,1376,https://cdn.rebrickable.com/media/sets/75189-1/5263.jpg,https://rebrickable.com/sets/75189-1/first-order-heavy-assault-walker/
41183-1,The Goblin King's Evil Dragon,2017,600,339,https://cdn.rebrickable.com/media/sets/41183-1/11972.jpg,https://rebrickable.com/sets/41183-1/the-goblin-kings-evil-dragon/
31068-1,Modular Modern Home,2017,672,386,https://cdn.rebrickable.com/media/sets/31068-1/13342.jpg,https://rebrickable.com/sets/31068-1/modular-modern-home/
41317-1,Sunshine Catamaran,2017,494,603,https://cdn.rebrickable.com/media/sets/41317-1/3667.jpg,https://rebrickable.com/sets/41317-1/sunshine-catamaran/
41232-1,Super Hero High School,2017,617,712,https://cdn.rebrickable.com/media/sets/41232-1/1597.jpg,https://rebrickable.com/sets/41232-1/super-hero-high-school/
75881-1,2016 Ford GT & 1966 Ford GT40,2017,601,373,https://cdn.rebrickable.com/media/sets/75881-1/15759.jpg,https://rebrickable.com/sets/75881-1/2016-ford-gt-1966-ford-gt40/
21035-1,Solomon R. Guggenheim Museum,2017,252,744,https://cdn.rebrickable.com/media/sets/21035-1/13507.jpg,https://rebrickable.com/sets/21035-1/solomon-r-guggenheim-museum/
21137-1,The Mountain Cave,2017,577,2863,https://cdn.rebrickable.com/media/sets/21137-1/3921.jpg,https://rebrickable.com/sets/21137-1/the-mountain-cave/
70916-1,The Batwing,2017,708,1053,https://cdn.rebrickable.com/media/sets/70916-1/1081.jpg,https://rebrickable.com/sets/70916-1/the-batwing/
41148-1,Elsa's Magical Ice Palace,2017,687,701,https://cdn.rebrickable.com/media/sets/41148-1/4533.jpg,https://rebrickable.com/sets/41148-1/elsas-magical-ice-palace/
10259-1,Winter Village Station,2017,228,902,https://cdn.rebrickable.com/media/sets/10259-1/6731.jpg,https://rebrickable.com/sets/10259-1/winter-village-station/
42060-1,Roadwork Crew,2017,1,365,https://cdn.rebrickable.com/media/sets/42060-1/28924.jpg,https://rebrickable.com/sets/42060-1/roadwork-crew/
21135-1,The Crafting Box 2.0,2017,577,717,https://cdn.rebrickable.com/media/sets/21135-1/4840.jpg,https://rebrickable.com/sets/21135-1/the-crafting-box-20/
76077-1,Iron Man: Detroit Steel Strikes,2017,702,378,https://cdn.rebrickable.com/media/sets/76077-1/965.jpg,https://rebrickable.com/sets/76077-1/iron-man-detroit-steel-strikes/
41185-1,Magic Rescue from the Goblin Village,2017,600,637,https://cdn.rebrickable.com/media/sets/41185-1/751.jpg,https://rebrickable.com/sets/41185-1/magic-rescue-from-the-goblin-village/
42070-1,6x6 All Terrain Tow Truck,2017,1,1862,https://cdn.rebrickable.com/media/sets/42070-1/1118.jpg,https://rebrickable.com/sets/42070-1/6x6-all-terrain-tow-truck/
45804-1,HYDRO DYNAMICS Challenge Kit,2017,398,2052,https://cdn.rebrickable.com/media/sets/45804-1/9774.jpg,https://rebrickable.com/sets/45804-1/hydro-dynamics-challenge-kit/
70917-1,The Ultimate Batmobile,2017,708,1456,https://cdn.rebrickable.com/media/sets/70917-1/11721.jpg,https://rebrickable.com/sets/70917-1/the-ultimate-batmobile/
71042-1,Silent Mary,2017,263,2294,https://cdn.rebrickable.com/media/sets/71042-1/28486.jpg,https://rebrickable.com/sets/71042-1/silent-mary/
21038-1,Las Vegas,2017,253,487,https://cdn.rebrickable.com/media/sets/21038-1/16548.jpg,https://rebrickable.com/sets/21038-1/las-vegas/
41237-1,Batgirl Secret Bunker,2017,617,351,https://cdn.rebrickable.com/media/sets/41237-1/3179.jpg,https://rebrickable.com/sets/41237-1/batgirl-secret-bunker/
70354-1,Axl's Rumble Maker,2017,605,393,https://cdn.rebrickable.com/media/sets/70354-1/10318.jpg,https://rebrickable.com/sets/70354-1/axls-rumble-maker/
21136-1,The Ocean Monument,2017,577,1122,https://cdn.rebrickable.com/media/sets/21136-1/17149.jpg,https://rebrickable.com/sets/21136-1/the-ocean-monument/
6218775-1,Sheung Wan Western Market,2017,619,397,https://cdn.rebrickable.com/media/sets/6218775-1/54271.jpg,https://rebrickable.com/sets/6218775-1/sheung-wan-western-market/
75882-1,Ferrari FXX K & Development Center,2017,601,497,https://cdn.rebrickable.com/media/sets/75882-1/17176.jpg,https://rebrickable.com/sets/75882-1/ferrari-fxx-k-development-center/
41187-1,Rosalyn's Healing Hideout,2017,600,460,https://cdn.rebrickable.com/media/sets/41187-1/13843.jpg,https://rebrickable.com/sets/41187-1/rosalyns-healing-hideout/
41320-1,Heartlake Frozen Yogurt Shop,2017,494,370,https://cdn.rebrickable.com/media/sets/41320-1/5695.jpg,https://rebrickable.com/sets/41320-1/heartlake-frozen-yogurt-shop/
75190-1,First Order Star Destroyer,2017,158,1416,https://cdn.rebrickable.com/media/sets/75190-1/3000.jpg,https://rebrickable.com/sets/75190-1/first-order-star-destroyer/
21309-1,NASA Apollo Saturn V,2017,576,1969,https://cdn.rebrickable.com/media/sets/21309-1/9948.jpg,https://rebrickable.com/sets/21309-1/nasa-apollo-saturn-v/
60140-1,Bulldozer Break-In,2017,61,561,https://cdn.rebrickable.com/media/sets/60140-1/27895.jpg,https://rebrickable.com/sets/60140-1/bulldozer-break-in/
70915-1,Two-Face Double Demolition,2017,708,564,https://cdn.rebrickable.com/media/sets/70915-1/28654.jpg,https://rebrickable.com/sets/70915-1/two-face-double-demolition/
70608-1,Master Falls,2017,616,312,https://cdn.rebrickable.com/media/sets/70608-1/5145.jpg,https://rebrickable.com/sets/70608-1/master-falls/
41316-1,Andrea's Speedboat Transporter,2017,494,309,https://cdn.rebrickable.com/media/sets/41316-1/6597.jpg,https://rebrickable.com/sets/41316-1/andreas-speedboat-transporter/
70618-1,Destiny's Bounty,2017,616,2296,https://cdn.rebrickable.com/media/sets/70618-1/30763.jpg,https://rebrickable.com/sets/70618-1/destinys-bounty/
75144-1,Snowspeeder,2017,171,1703,https://cdn.rebrickable.com/media/sets/75144-1/689.jpg,https://rebrickable.com/sets/75144-1/snowspeeder/
42065-1,RC Tracked Racer,2017,1,370,https://cdn.rebrickable.com/media/sets/42065-1/31053.jpg,https://rebrickable.com/sets/42065-1/rc-tracked-racer/
76084-1,The Ultimate Battle for Asgard,2017,696,401,https://cdn.rebrickable.com/media/sets/76084-1/3194.jpg,https://rebrickable.com/sets/76084-1/the-ultimate-battle-for-asgard/
75178-1,Jakku Quadjumper,2017,158,457,https://cdn.rebrickable.com/media/sets/75178-1/1411.jpg,https://rebrickable.com/sets/75178-1/jakku-quadjumper/
60159-1,Jungle Halftrack Mission,2017,614,378,https://cdn.rebrickable.com/media/sets/60159-1/4825.jpg,https://rebrickable.com/sets/60159-1/jungle-halftrack-mission/
76086-1,Knightcrawler Tunnel Attack,2017,700,623,https://cdn.rebrickable.com/media/sets/76086-1/5608.jpg,https://rebrickable.com/sets/76086-1/knightcrawler-tunnel-attack/
75184-1,Star Wars Advent Calendar 2017,2017,209,309,https://cdn.rebrickable.com/media/sets/75184-1/6076.jpg,https://rebrickable.com/sets/75184-1/star-wars-advent-calendar-2017/
76078-1,Hulk vs. Red Hulk,2017,702,376,https://cdn.rebrickable.com/media/sets/76078-1/15540.jpg,https://rebrickable.com/sets/76078-1/hulk-vs-red-hulk/
60169-1,Cargo Terminal,2017,54,740,https://cdn.rebrickable.com/media/sets/60169-1/2410.jpg,https://rebrickable.com/sets/60169-1/cargo-terminal/
42048-1,Race Kart,2016,1,345,https://cdn.rebrickable.com/media/sets/42048-1/5455.jpg,https://rebrickable.com/sets/42048-1/race-kart/
75139-1,Battle on Takodana,2016,158,409,https://cdn.rebrickable.com/media/sets/75139-1/14431.jpg,https://rebrickable.com/sets/75139-1/battle-on-takodana/
70314-1,Beast Master's Chaos Chariot,2016,605,314,https://cdn.rebrickable.com/media/sets/70314-1/9000.jpg,https://rebrickable.com/sets/70314-1/beast-masters-chaos-chariot/
75142-1,Homing Spider Droid,2016,158,310,https://cdn.rebrickable.com/media/sets/75142-1/32505.jpg,https://rebrickable.com/sets/75142-1/homing-spider-droid/
10251-1,Brick Bank,2016,155,2384,https://cdn.rebrickable.com/media/sets/10251-1/34694.jpg,https://rebrickable.com/sets/10251-1/brick-bank/
42052-1,Heavy Lift Helicopter,2016,1,1042,https://cdn.rebrickable.com/media/sets/42052-1/8915.jpg,https://rebrickable.com/sets/42052-1/heavy-lift-helicopter/
21128-1,The Village,2016,577,1600,https://cdn.rebrickable.com/media/sets/21128-1/7332.jpg,https://rebrickable.com/sets/21128-1/the-village/
41121-1,Adventure Camp Rafting,2016,494,320,https://cdn.rebrickable.com/media/sets/41121-1/3336.jpg,https://rebrickable.com/sets/41121-1/adventure-camp-rafting/
10254-1,Winter Holiday Train,2016,228,735,https://cdn.rebrickable.com/media/sets/10254-1/17243.jpg,https://rebrickable.com/sets/10254-1/winter-holiday-train/
10654-1,XL Creative Brick Box,2016,621,1600,https://cdn.rebrickable.com/media/sets/10654-1/9989.jpg,https://rebrickable.com/sets/10654-1/xl-creative-brick-box/
41119-1,Heartlake Cupcake Cafe,2016,494,443,https://cdn.rebrickable.com/media/sets/41119-1/5121.jpg,https://rebrickable.com/sets/41119-1/heartlake-cupcake-cafe/
70604-1,Tiger Widow Island,2016,435,450,https://cdn.rebrickable.com/media/sets/70604-1/13833.jpg,https://rebrickable.com/sets/70604-1/tiger-widow-island/
41178-1,The Dragon Sanctuary,2016,600,588,https://cdn.rebrickable.com/media/sets/41178-1/11384.jpg,https://rebrickable.com/sets/41178-1/the-dragon-sanctuary/
70323-1,Jestro's Volcano Lair,2016,605,1186,https://cdn.rebrickable.com/media/sets/70323-1/5446.jpg,https://rebrickable.com/sets/70323-1/jestros-volcano-lair/
75158-1,Rebel Combat Frigate,2016,158,936,https://cdn.rebrickable.com/media/sets/75158-1/6105.jpg,https://rebrickable.com/sets/75158-1/rebel-combat-frigate/
42050-1,Drag Racer,2016,1,647,https://cdn.rebrickable.com/media/sets/42050-1/445.jpg,https://rebrickable.com/sets/42050-1/drag-racer/
41176-1,The Secret Market Place,2016,600,701,https://cdn.rebrickable.com/media/sets/41176-1/11856.jpg,https://rebrickable.com/sets/41176-1/the-secret-market-place/
60119-1,Ferry,2016,59,301,https://cdn.rebrickable.com/media/sets/60119-1/1369.jpg,https://rebrickable.com/sets/60119-1/ferry/
4000023-1,Jiaxing Factory,2016,599,407,https://cdn.rebrickable.com/media/sets/4000023-1/17261.jpg,https://rebrickable.com/sets/4000023-1/jiaxing-factory/
70594-1,The Lighthouse Siege,2016,435,775,https://cdn.rebrickable.com/media/sets/70594-1/11246.jpg,https://rebrickable.com/sets/70594-1/the-lighthouse-siege/
75826-1,King Pig's Castle,2016,606,859,https://cdn.rebrickable.com/media/sets/75826-1/34642.jpg,https://rebrickable.com/sets/75826-1/king-pigs-castle/
41133-1,Amusement Park Bumper Cars,2016,494,424,https://cdn.rebrickable.com/media/sets/41133-1/5692.jpg,https://rebrickable.com/sets/41133-1/amusement-park-bumper-cars/
75152-1,Imperial Assault Hovertank,2016,158,385,https://cdn.rebrickable.com/media/sets/75152-1/15390.jpg,https://rebrickable.com/sets/75152-1/imperial-assault-hovertank/
31049-1,Twin Spin Helicopter,2016,672,326,https://cdn.rebrickable.com/media/sets/31049-1/33432.jpg,https://rebrickable.com/sets/31049-1/twin-spin-helicopter/
21124-1,The End Portal,2016,577,559,https://cdn.rebrickable.com/media/sets/21124-1/1157.jpg,https://rebrickable.com/sets/21124-1/the-end-portal/
60103-1,Airport Air Show,2016,53,678,https://cdn.rebrickable.com/media/sets/60103-1/13090.jpg,https://rebrickable.com/sets/60103-1/airport-air-show/
42053-1,Volvo EW160E,2016,1,1166,https://cdn.rebrickable.com/media/sets/42053-1/1761.jpg,https://rebrickable.com/sets/42053-1/volvo-ew160e/
75159-1,Death Star,2016,171,4024,https://cdn.rebrickable.com/media/sets/75159-1/34107.jpg,https://rebrickable.com/sets/75159-1/death-star/
70322-1,Axl's Tower Carrier,2016,605,670,https://cdn.rebrickable.com/media/sets/70322-1/5666.jpg,https://rebrickable.com/sets/70322-1/axls-tower-carrier/
75153-1,AT-ST Walker,2016,158,449,https://cdn.rebrickable.com/media/sets/75153-1/12269.jpg,https://rebrickable.com/sets/75153-1/at-st-walker/
31050-1,Corner Deli,2016,672,467,https://cdn.rebrickable.com/media/sets/31050-1/31134.jpg,https://rebrickable.com/sets/31050-1/corner-deli/
70589-1,Rock Roader,2016,435,406,https://cdn.rebrickable.com/media/sets/70589-1/5266.jpg,https://rebrickable.com/sets/70589-1/rock-roader/
76055-1,Batman: Killer Croc Sewer Smash,2016,697,760,https://cdn.rebrickable.com/media/sets/76055-1/5994.jpg,https://rebrickable.com/sets/76055-1/batman-killer-croc-sewer-smash/
41180-1,Ragana's Magic Shadow Castle,2016,600,1016,https://cdn.rebrickable.com/media/sets/41180-1/960.jpg,https://rebrickable.com/sets/41180-1/raganas-magic-shadow-castle/
75876-1,Porsche 919 Hybrid and 917K Pit Lane,2016,601,743,https://cdn.rebrickable.com/media/sets/75876-1/13172.jpg,https://rebrickable.com/sets/75876-1/porsche-919-hybrid-and-917k-pit-lane/
42056-1,Porsche 911 GT3 RS,2016,1,2704,https://cdn.rebrickable.com/media/sets/42056-1/3156.jpg,https://rebrickable.com/sets/42056-1/porsche-911-gt3-rs/
75150-1,Vader's TIE Advanced vs. A-Wing Starfighter,2016,158,702,https://cdn.rebrickable.com/media/sets/75150-1/6273.jpg,https://rebrickable.com/sets/75150-1/vaders-tie-advanced-vs-a-wing-starfighter/
75151-1,Clone Turbo Tank,2016,158,903,https://cdn.rebrickable.com/media/sets/75151-1/8065.jpg,https://rebrickable.com/sets/75151-1/clone-turbo-tank/
31051-1,Lighthouse Point,2016,672,528,https://cdn.rebrickable.com/media/sets/31051-1/11389.jpg,https://rebrickable.com/sets/31051-1/lighthouse-point/
60109-1,Fire Boat,2016,58,415,https://cdn.rebrickable.com/media/sets/60109-1/9109.jpg,https://rebrickable.com/sets/60109-1/fire-boat/
10705-1,Creative Building Basket,2016,621,1000,https://cdn.rebrickable.com/media/sets/10705-1/5459.jpg,https://rebrickable.com/sets/10705-1/creative-building-basket/
21307-1,Caterham Seven 620R,2016,576,771,https://cdn.rebrickable.com/media/sets/21307-1/570.jpg,https://rebrickable.com/sets/21307-1/caterham-seven-620r/
60112-1,Fire Engine,2016,58,376,https://cdn.rebrickable.com/media/sets/60112-1/2433.jpg,https://rebrickable.com/sets/60112-1/fire-engine/
76067-1,Tanker Truck Takedown,2016,782,330,https://cdn.rebrickable.com/media/sets/76067-1/33678.jpg,https://rebrickable.com/sets/76067-1/tanker-truck-takedown/
70327-1,The King's Mech,2016,605,375,https://cdn.rebrickable.com/media/sets/70327-1/9245.jpg,https://rebrickable.com/sets/70327-1/the-kings-mech/
2000451-1,The Panama Canal,2016,507,1184,https://cdn.rebrickable.com/media/sets/2000451-1/1625.jpg,https://rebrickable.com/sets/2000451-1/the-panama-canal/
75154-1,TIE Striker,2016,158,543,https://cdn.rebrickable.com/media/sets/75154-1/15289.jpg,https://rebrickable.com/sets/75154-1/tie-striker/
75155-1,Rebel U-Wing Fighter,2016,158,659,https://cdn.rebrickable.com/media/sets/75155-1/34349.jpg,https://rebrickable.com/sets/75155-1/rebel-u-wing-fighter/
45020-1,Creative LEGO Brick Set,2016,507,1000,https://cdn.rebrickable.com/media/sets/45020-1/79512.jpg,https://rebrickable.com/sets/45020-1/creative-lego-brick-set/
42049-1,Mine Loader,2016,1,476,https://cdn.rebrickable.com/media/sets/42049-1/12572.jpg,https://rebrickable.com/sets/42049-1/mine-loader/
70593-1,The Green NRG Dragon,2016,435,567,https://cdn.rebrickable.com/media/sets/70593-1/13859.jpg,https://rebrickable.com/sets/70593-1/the-green-nrg-dragon/
60130-1,Prison Island,2016,61,754,https://cdn.rebrickable.com/media/sets/60130-1/9236.jpg,https://rebrickable.com/sets/60130-1/prison-island/
41135-1,Livi's Pop Star House,2016,494,613,https://cdn.rebrickable.com/media/sets/41135-1/51.jpg,https://rebrickable.com/sets/41135-1/livis-pop-star-house/
21031-1,Burj Khalifa,2016,252,333,https://cdn.rebrickable.com/media/sets/21031-1/32874.jpg,https://rebrickable.com/sets/21031-1/burj-khalifa/
41150-1,Moana's Ocean Voyage,2016,579,307,https://cdn.rebrickable.com/media/sets/41150-1/6043.jpg,https://rebrickable.com/sets/41150-1/moanas-ocean-voyage/
4000022-1,LEGO Truck Show,2016,599,811,https://cdn.rebrickable.com/media/sets/4000022-1/4100.jpg,https://rebrickable.com/sets/4000022-1/lego-truck-show/
21306-1,The Beatles Yellow Submarine,2016,576,553,https://cdn.rebrickable.com/media/sets/21306-1/15546.jpg,https://rebrickable.com/sets/21306-1/the-beatles-yellow-submarine/
21308-1,Adventure Time,2016,576,496,https://cdn.rebrickable.com/media/sets/21308-1/5770.jpg,https://rebrickable.com/sets/21308-1/adventure-time/
21034-1,London,2016,253,468,https://cdn.rebrickable.com/media/sets/21034-1/33552.jpg,https://rebrickable.com/sets/21034-1/london/
21030-1,United States Capitol Building,2016,252,1032,https://cdn.rebrickable.com/media/sets/21030-1/15904.jpg,https://rebrickable.com/sets/21030-1/united-states-capitol-building/
21305-1,Maze,2016,576,769,https://cdn.rebrickable.com/media/sets/21305-1/13876.jpg,https://rebrickable.com/sets/21305-1/maze/
70326-1,The Black Knight Mech,2016,605,530,https://cdn.rebrickable.com/media/sets/70326-1/16987.jpg,https://rebrickable.com/sets/70326-1/the-black-knight-mech/
75098-1,Assault on Hoth,2016,171,2144,https://cdn.rebrickable.com/media/sets/75098-1/14764.jpg,https://rebrickable.com/sets/75098-1/assault-on-hoth/
76051-1,Super Hero Airport Battle,2016,782,808,https://cdn.rebrickable.com/media/sets/76051-1/16557.jpg,https://rebrickable.com/sets/76051-1/super-hero-airport-battle/
31053-1,Treehouse Adventures,2016,672,387,https://cdn.rebrickable.com/media/sets/31053-1/33956.jpg,https://rebrickable.com/sets/31053-1/treehouse-adventures/
70321-1,General Magmar's Siege Machine of Doom,2016,605,516,https://cdn.rebrickable.com/media/sets/70321-1/2264.jpg,https://rebrickable.com/sets/70321-1/general-magmars-siege-machine-of-doom/
21029-1,Buckingham Palace,2016,252,780,https://cdn.rebrickable.com/media/sets/21029-1/7908.jpg,https://rebrickable.com/sets/21029-1/buckingham-palace/
71040-1,Disney Castle,2016,608,4081,https://cdn.rebrickable.com/media/sets/71040-1/69737.jpg,https://rebrickable.com/sets/71040-1/disney-castle/
76054-1,Batman: Scarecrow Harvest of Fear,2016,697,564,https://cdn.rebrickable.com/media/sets/76054-1/32952.jpg,https://rebrickable.com/sets/76054-1/batman-scarecrow-harvest-of-fear/
75157-1,Captain Rex's AT-TE,2016,158,972,https://cdn.rebrickable.com/media/sets/75157-1/13280.jpg,https://rebrickable.com/sets/75157-1/captain-rexs-at-te/
75825-1,Piggy Pirate Ship,2016,606,620,https://cdn.rebrickable.com/media/sets/75825-1/32575.jpg,https://rebrickable.com/sets/75825-1/piggy-pirate-ship/
41118-1,Heartlake Supermarket,2016,494,316,https://cdn.rebrickable.com/media/sets/41118-1/13625.jpg,https://rebrickable.com/sets/41118-1/heartlake-supermarket/
75156-1,Krennic's Imperial Shuttle,2016,158,863,https://cdn.rebrickable.com/media/sets/75156-1/205.jpg,https://rebrickable.com/sets/75156-1/krennics-imperial-shuttle/
60123-1,Volcano Supply Helicopter,2016,52,330,https://cdn.rebrickable.com/media/sets/60123-1/4381.jpg,https://rebrickable.com/sets/60123-1/volcano-supply-helicopter/
60122-1,Volcano Crawler,2016,52,324,https://cdn.rebrickable.com/media/sets/60122-1/2883.jpg,https://rebrickable.com/sets/60122-1/volcano-crawler/
41125-1,Horse Vet Trailer,2016,494,379,https://cdn.rebrickable.com/media/sets/41125-1/5315.jpg,https://rebrickable.com/sets/41125-1/horse-vet-trailer/
45801-1,TRASH TREK Challenge Kit,2015,398,1990,https://cdn.rebrickable.com/media/sets/45801-1/127766.jpg,https://rebrickable.com/sets/45801-1/trash-trek-challenge-kit/
42040-1,Fire Plane,2015,1,578,https://cdn.rebrickable.com/media/sets/42040-1/2702.jpg,https://rebrickable.com/sets/42040-1/fire-plane/
10698-1,Large Creative Brick Box,2015,621,790,https://cdn.rebrickable.com/media/sets/10698-1/6186.jpg,https://rebrickable.com/sets/10698-1/large-creative-brick-box/
31036-1,Toy & Grocery Shop,2015,672,466,https://cdn.rebrickable.com/media/sets/31036-1/13367.jpg,https://rebrickable.com/sets/31036-1/toy-grocery-shop/
70746-1,Condrai Copter Attack,2015,435,311,https://cdn.rebrickable.com/media/sets/70746-1/13375.jpg,https://rebrickable.com/sets/70746-1/condrai-copter-attack/
70169-1,Agent Stealth Patrol,2015,303,475,https://cdn.rebrickable.com/media/sets/70169-1/8995.jpg,https://rebrickable.com/sets/70169-1/agent-stealth-patrol/
75083-1,AT-DP,2015,158,500,https://cdn.rebrickable.com/media/sets/75083-1/12268.jpg,https://rebrickable.com/sets/75083-1/at-dp/
41094-1,Heartlake Lighthouse,2015,494,475,https://cdn.rebrickable.com/media/sets/41094-1/7321.jpg,https://rebrickable.com/sets/41094-1/heartlake-lighthouse/
41106-1,Pop Star Tour Bus,2015,494,682,https://cdn.rebrickable.com/media/sets/41106-1/2870.jpg,https://rebrickable.com/sets/41106-1/pop-star-tour-bus/
31038-1,Changing Seasons,2015,672,536,https://cdn.rebrickable.com/media/sets/31038-1/13355.jpg,https://rebrickable.com/sets/31038-1/changing-seasons/
75091-1,Flash Speeder,2015,158,312,https://cdn.rebrickable.com/media/sets/75091-1/7417.jpg,https://rebrickable.com/sets/75091-1/flash-speeder/
71016-1,The Kwik-E-Mart,2015,301,2179,https://cdn.rebrickable.com/media/sets/71016-1/152768.jpg,https://rebrickable.com/sets/71016-1/the-kwik-e-mart/
41077-1,Aira's Pegasus Sleigh,2015,600,319,https://cdn.rebrickable.com/media/sets/41077-1/426.jpg,https://rebrickable.com/sets/41077-1/airas-pegasus-sleigh/
41105-1,Pop Star Show Stage,2015,494,446,https://cdn.rebrickable.com/media/sets/41105-1/13348.jpg,https://rebrickable.com/sets/41105-1/pop-star-show-stage/
75104-1,Kylo Ren's Command Shuttle,2015,158,1005,https://cdn.rebrickable.com/media/sets/75104-1/7564.jpg,https://rebrickable.com/sets/75104-1/kylo-rens-command-shuttle/
60068-1,Crooks' Hideout,2015,61,473,https://cdn.rebrickable.com/media/sets/60068-1/6467.jpg,https://rebrickable.com/sets/60068-1/crooks-hideout/
10697-1,XXXL Box,2015,621,1500,https://cdn.rebrickable.com/media/sets/10697-1/17278.jpg,https://rebrickable.com/sets/10697-1/xxxl-box/
70732-1,City of Stiix,2015,435,1070,https://cdn.rebrickable.com/media/sets/70732-1/7450.jpg,https://rebrickable.com/sets/70732-1/city-of-stiix/
70413-1,The Brick Bounty,2015,154,745,https://cdn.rebrickable.com/media/sets/70413-1/6981.jpg,https://rebrickable.com/sets/70413-1/the-brick-bounty/
42043-1,Mercedes-Benz Arocs 3245,2015,1,2793,https://cdn.rebrickable.com/media/sets/42043-1/6926.jpg,https://rebrickable.com/sets/42043-1/mercedes-benz-arocs-3245/
10693-1,Creative Supplement,2015,621,303,https://cdn.rebrickable.com/media/sets/10693-1/6672.jpg,https://rebrickable.com/sets/10693-1/creative-supplement/
41075-1,The Elves' Treetop Hideaway,2015,600,517,https://cdn.rebrickable.com/media/sets/41075-1/6173.jpg,https://rebrickable.com/sets/41075-1/the-elves-treetop-hideaway/
41095-1,Emma's House,2015,494,728,https://cdn.rebrickable.com/media/sets/41095-1/565.jpg,https://rebrickable.com/sets/41095-1/emmas-house/
76027-1,Black Manta Deep Sea Strike,2015,700,389,https://cdn.rebrickable.com/media/sets/76027-1/13361.jpg,https://rebrickable.com/sets/76027-1/black-manta-deep-sea-strike/
40158-1,Pirates Chess Set,2015,154,856,https://cdn.rebrickable.com/media/sets/40158-1/37141.jpg,https://rebrickable.com/sets/40158-1/pirates-chess-set/
75917-1,Raptor Rampage,2015,602,324,https://cdn.rebrickable.com/media/sets/75917-1/2279.jpg,https://rebrickable.com/sets/75917-1/raptor-rampage/
4000020-1,"H.C. Andersen's ""Clumsy Hans"" by D.H. Design (LEGO Inside Tour Version)",2015,599,714,https://cdn.rebrickable.com/media/sets/4000020-1/10926.jpg,https://rebrickable.com/sets/4000020-1/hc-andersens-clumsy-hans-by-dh-design-lego-inside-tour-version/
45210-1,MoreToMath 1-2 Core Set,2015,507,520,https://cdn.rebrickable.com/media/sets/45210-1/6243.jpg,https://rebrickable.com/sets/45210-1/moretomath-1-2-core-set/
4000018-1,Kladno Campus (2015 Version),2015,599,412,https://cdn.rebrickable.com/media/sets/4000018-1/13867.jpg,https://rebrickable.com/sets/4000018-1/kladno-campus-2015-version/
4002015-1,Borkum Riffgrund 1,2015,599,559,https://cdn.rebrickable.com/media/sets/4002015-1/14723.jpg,https://rebrickable.com/sets/4002015-1/borkum-riffgrund-1/
41108-1,Heartlake Food Market,2015,494,392,https://cdn.rebrickable.com/media/sets/41108-1/7172.jpg,https://rebrickable.com/sets/41108-1/heartlake-food-market/
75105-1,Millennium Falcon,2015,158,1330,https://cdn.rebrickable.com/media/sets/75105-1/38284.jpg,https://rebrickable.com/sets/75105-1/millennium-falcon/
70224-1,Tiger's Mobile Command,2015,571,712,https://cdn.rebrickable.com/media/sets/70224-1/7234.jpg,https://rebrickable.com/sets/70224-1/tigers-mobile-command/
75060-1,Slave I,2015,171,1996,https://cdn.rebrickable.com/media/sets/75060-1/400.jpg,https://rebrickable.com/sets/75060-1/slave-i/
5004590-1,Bat Pod,2015,697,338,https://cdn.rebrickable.com/media/sets/5004590-1/14982.jpg,https://rebrickable.com/sets/5004590-1/bat-pod/
70172-1,AntiMatter's Portal Hideout,2015,303,474,https://cdn.rebrickable.com/media/sets/70172-1/6470.jpg,https://rebrickable.com/sets/70172-1/antimatters-portal-hideout/
21122-1,The Nether Fortress,2015,577,571,https://cdn.rebrickable.com/media/sets/21122-1/6075.jpg,https://rebrickable.com/sets/21122-1/the-nether-fortress/
60076-1,Demolition Site,2015,56,776,https://cdn.rebrickable.com/media/sets/60076-1/6330.jpg,https://rebrickable.com/sets/60076-1/demolition-site/
60096-1,Deep Sea Operation Base,2015,52,907,https://cdn.rebrickable.com/media/sets/60096-1/6800.jpg,https://rebrickable.com/sets/60096-1/deep-sea-operation-base/
60071-1,Hovercraft Arrest,2015,61,331,https://cdn.rebrickable.com/media/sets/60071-1/13835.jpg,https://rebrickable.com/sets/60071-1/hovercraft-arrest/
41093-1,Heartlake Hair Salon,2015,494,341,https://cdn.rebrickable.com/media/sets/41093-1/5632.jpg,https://rebrickable.com/sets/41093-1/heartlake-hair-salon/
76032-1,The Avengers Quinjet City Chase,2015,702,723,https://cdn.rebrickable.com/media/sets/76032-1/13483.jpg,https://rebrickable.com/sets/76032-1/the-avengers-quinjet-city-chase/
60085-1,4x4 with Powerboat,2015,59,302,https://cdn.rebrickable.com/media/sets/60085-1/8056.jpg,https://rebrickable.com/sets/60085-1/4x4-with-powerboat/
76026-1,Gorilla Grodd Goes Bananas,2015,700,348,https://cdn.rebrickable.com/media/sets/76026-1/13663.jpg,https://rebrickable.com/sets/76026-1/gorilla-grodd-goes-bananas/
75912-1,Porsche 911 GT Finish Line,2015,601,573,https://cdn.rebrickable.com/media/sets/75912-1/15768.jpg,https://rebrickable.com/sets/75912-1/porsche-911-gt-finish-line/
21301-1,Birds,2015,576,580,https://cdn.rebrickable.com/media/sets/21301-1/10618.jpg,https://rebrickable.com/sets/21301-1/birds/
70734-1,Master Wu Dragon,2015,435,576,https://cdn.rebrickable.com/media/sets/70734-1/9130.jpg,https://rebrickable.com/sets/70734-1/master-wu-dragon/
75903-1,Haunted Lighthouse,2015,603,437,https://cdn.rebrickable.com/media/sets/75903-1/15291.jpg,https://rebrickable.com/sets/75903-1/haunted-lighthouse/
70223-1,Icebite's Claw Driller,2015,571,629,https://cdn.rebrickable.com/media/sets/70223-1/9218.jpg,https://rebrickable.com/sets/70223-1/icebites-claw-driller/
70226-1,Mammoth's Frozen Stronghold,2015,571,621,https://cdn.rebrickable.com/media/sets/70226-1/6609.jpg,https://rebrickable.com/sets/70226-1/mammoths-frozen-stronghold/
70228-1,Vultrix's Sky Scavenger,2015,571,480,https://cdn.rebrickable.com/media/sets/70228-1/16767.jpg,https://rebrickable.com/sets/70228-1/vultrixs-sky-scavenger/
75911-1,McLaren Mercedes Pit Stop,2015,601,340,https://cdn.rebrickable.com/media/sets/75911-1/17279.jpg,https://rebrickable.com/sets/75911-1/mclaren-mercedes-pit-stop/
75920-1,Raptor Escape,2015,602,394,https://cdn.rebrickable.com/media/sets/75920-1/127.jpg,https://rebrickable.com/sets/75920-1/raptor-escape/
76037-1,Rhino and Sandman Super Villain Team-up,2015,706,387,https://cdn.rebrickable.com/media/sets/76037-1/7348.jpg,https://rebrickable.com/sets/76037-1/rhino-and-sandman-super-villain-team-up/
21304-1,Doctor Who,2015,576,623,https://cdn.rebrickable.com/media/sets/21304-1/14294.jpg,https://rebrickable.com/sets/21304-1/doctor-who/
21121-1,The Desert Outpost,2015,577,519,https://cdn.rebrickable.com/media/sets/21121-1/4221.jpg,https://rebrickable.com/sets/21121-1/the-desert-outpost/
75084-1,Wookiee Gunship,2015,158,570,https://cdn.rebrickable.com/media/sets/75084-1/7369.jpg,https://rebrickable.com/sets/75084-1/wookiee-gunship/
40145-1,LEGO Store,2015,408,413,https://cdn.rebrickable.com/media/sets/40145-1/98735.jpg,https://rebrickable.com/sets/40145-1/lego-store/
BIGBOX-1,The Ultimate Battle for Chima,2015,571,10001,https://cdn.rebrickable.com/media/sets/bigbox-1/17559.jpg,https://rebrickable.com/sets/BIGBOX-1/the-ultimate-battle-for-chima/
75093-1,Death Star Final Duel,2015,158,724,https://cdn.rebrickable.com/media/sets/75093-1/7537.jpg,https://rebrickable.com/sets/75093-1/death-star-final-duel/
76038-1,Attack on Avengers Tower,2015,702,516,https://cdn.rebrickable.com/media/sets/76038-1/7294.jpg,https://rebrickable.com/sets/76038-1/attack-on-avengers-tower/
10247-1,Ferris Wheel,2015,673,2464,https://cdn.rebrickable.com/media/sets/10247-1/15071.jpg,https://rebrickable.com/sets/10247-1/ferris-wheel/
70735-1,Ronin R.E.X.,2015,435,547,https://cdn.rebrickable.com/media/sets/70735-1/1413.jpg,https://rebrickable.com/sets/70735-1/ronin-rex/
42039-1,24 Hours Race Car,2015,1,1219,https://cdn.rebrickable.com/media/sets/42039-1/12053.jpg,https://rebrickable.com/sets/42039-1/24-hours-race-car/
41073-1,Naida's Epic Adventure Ship,2015,600,312,https://cdn.rebrickable.com/media/sets/41073-1/16701.jpg,https://rebrickable.com/sets/41073-1/naidas-epic-adventure-ship/
70173-1,Ultra Agents Ocean HQ,2015,303,1204,https://cdn.rebrickable.com/media/sets/70173-1/2149.jpg,https://rebrickable.com/sets/70173-1/ultra-agents-ocean-hq/
70227-1,King Crominus' Rescue,2015,571,863,https://cdn.rebrickable.com/media/sets/70227-1/10566.jpg,https://rebrickable.com/sets/70227-1/king-crominus-rescue/
42035-1,Mining Truck,2015,1,362,https://cdn.rebrickable.com/media/sets/42035-1/7425.jpg,https://rebrickable.com/sets/42035-1/mining-truck/
70738-1,Final Flight of Destiny's Bounty,2015,435,1264,https://cdn.rebrickable.com/media/sets/70738-1/6208.jpg,https://rebrickable.com/sets/70738-1/final-flight-of-destinys-bounty/
75106-1,Imperial Assault Carrier,2015,158,1216,https://cdn.rebrickable.com/media/sets/75106-1/7513.jpg,https://rebrickable.com/sets/75106-1/imperial-assault-carrier/
60080-1,Spaceport,2015,52,586,https://cdn.rebrickable.com/media/sets/60080-1/7166.jpg,https://rebrickable.com/sets/60080-1/spaceport/
76028-1,Darkseid Invasion,2015,700,547,https://cdn.rebrickable.com/media/sets/76028-1/15382.jpg,https://rebrickable.com/sets/76028-1/darkseid-invasion/
21303-2,WALL•E [Fixed Neck Version],2015,576,676,https://cdn.rebrickable.com/media/sets/21303-2/15220.jpg,https://rebrickable.com/sets/21303-2/walle-fixed-neck-version/
75102-1,Poe's X-Wing Fighter,2015,158,716,https://cdn.rebrickable.com/media/sets/75102-1/14092.jpg,https://rebrickable.com/sets/75102-1/poes-x-wing-fighter/
70731-1,Jay Walker One,2015,435,386,https://cdn.rebrickable.com/media/sets/70731-1/5447.jpg,https://rebrickable.com/sets/70731-1/jay-walker-one/
60097-1,City Square,2015,63,1683,https://cdn.rebrickable.com/media/sets/60097-1/13319.jpg,https://rebrickable.com/sets/60097-1/city-square/
60069-1,Swamp Police Station,2015,61,707,https://cdn.rebrickable.com/media/sets/60069-1/7322.jpg,https://rebrickable.com/sets/60069-1/swamp-police-station/
70736-1,Attack of the Morro Dragon,2015,435,658,https://cdn.rebrickable.com/media/sets/70736-1/6701.jpg,https://rebrickable.com/sets/70736-1/attack-of-the-morro-dragon/
70225-1,Bladvic's Rumble Bear,2015,571,415,https://cdn.rebrickable.com/media/sets/70225-1/16739.jpg,https://rebrickable.com/sets/70225-1/bladvics-rumble-bear/
75100-1,First Order Snowspeeder,2015,158,444,https://cdn.rebrickable.com/media/sets/75100-1/7548.jpg,https://rebrickable.com/sets/75100-1/first-order-snowspeeder/
75101-1,First Order Special Forces TIE Fighter,2015,158,533,https://cdn.rebrickable.com/media/sets/75101-1/10070.jpg,https://rebrickable.com/sets/75101-1/first-order-special-forces-tie-fighter/
70751-1,Temple of Airjitzu,2015,435,2033,https://cdn.rebrickable.com/media/sets/70751-1/13628.jpg,https://rebrickable.com/sets/70751-1/temple-of-airjitzu/
10242-2,MINI Cooper (Re-Issue),2015,673,1077,https://cdn.rebrickable.com/media/sets/10242-2/17285.jpg,https://rebrickable.com/sets/10242-2/mini-cooper-re-issue/
60093-1,Deep Sea Helicopter,2015,52,388,https://cdn.rebrickable.com/media/sets/60093-1/17264.jpg,https://rebrickable.com/sets/60093-1/deep-sea-helicopter/
10696-1,Medium Creative Brick Box,2015,621,484,https://cdn.rebrickable.com/media/sets/10696-1/5054.jpg,https://rebrickable.com/sets/10696-1/medium-creative-brick-box/
70170-1,UltraCopter vs. AntiMatter,2015,303,614,https://cdn.rebrickable.com/media/sets/70170-1/2988.jpg,https://rebrickable.com/sets/70170-1/ultracopter-vs-antimatter/
60095-1,Deep Sea Exploration Vessel,2015,52,718,https://cdn.rebrickable.com/media/sets/60095-1/13353.jpg,https://rebrickable.com/sets/60095-1/deep-sea-exploration-vessel/
42037-1,Formula Off-Roader,2015,1,494,https://cdn.rebrickable.com/media/sets/42037-1/4474.jpg,https://rebrickable.com/sets/42037-1/formula-off-roader/
10695-1,Creative Building Box,2015,621,580,https://cdn.rebrickable.com/media/sets/10695-1/13083.jpg,https://rebrickable.com/sets/10695-1/creative-building-box/
60079-1,Training Jet Transporter,2015,52,448,https://cdn.rebrickable.com/media/sets/60079-1/9028.jpg,https://rebrickable.com/sets/60079-1/training-jet-transporter/
31039-1,Blue Power Jet,2015,672,608,https://cdn.rebrickable.com/media/sets/31039-1/13619.jpg,https://rebrickable.com/sets/31039-1/blue-power-jet/
75092-1,Naboo Starfighter,2015,158,442,https://cdn.rebrickable.com/media/sets/75092-1/16098.jpg,https://rebrickable.com/sets/75092-1/naboo-starfighter/
70163-1,Toxikita's Toxic Meltdown,2014,303,429,https://cdn.rebrickable.com/media/sets/70163-1/13414.jpg,https://rebrickable.com/sets/70163-1/toxikitas-toxic-meltdown/
70146-1,Flying Phoenix Fire Temple,2014,571,1301,https://cdn.rebrickable.com/media/sets/70146-1/17492.jpg,https://rebrickable.com/sets/70146-1/flying-phoenix-fire-temple/
60045-1,Police Patrol,2014,61,408,https://cdn.rebrickable.com/media/sets/60045-1/4401.jpg,https://rebrickable.com/sets/60045-1/police-patrol/
10245-1,Santa's Workshop,2014,228,884,https://cdn.rebrickable.com/media/sets/10245-1/13501.jpg,https://rebrickable.com/sets/10245-1/santas-workshop/
21019-1,The Eiffel Tower,2014,252,320,https://cdn.rebrickable.com/media/sets/21019-1/17510.jpg,https://rebrickable.com/sets/21019-1/the-eiffel-tower/
4002014-1,LEGO HUB Birds,2014,599,490,https://cdn.rebrickable.com/media/sets/4002014-1/15121.jpg,https://rebrickable.com/sets/4002014-1/lego-hub-birds/
21021-1,Marina Bay Sands,2014,252,602,https://cdn.rebrickable.com/media/sets/21021-1/17536.jpg,https://rebrickable.com/sets/21021-1/marina-bay-sands/
41037-1,Stephanie's Beach House,2014,494,388,https://cdn.rebrickable.com/media/sets/41037-1/7044.jpg,https://rebrickable.com/sets/41037-1/stephanies-beach-house/
75055-1,Imperial Star Destroyer,2014,158,1360,https://cdn.rebrickable.com/media/sets/75055-1/2229.jpg,https://rebrickable.com/sets/75055-1/imperial-star-destroyer/
42030-1,Remote-Controlled Volvo L350F Wheel Loader,2014,1,1636,https://cdn.rebrickable.com/media/sets/42030-1/14972.jpg,https://rebrickable.com/sets/42030-1/remote-controlled-volvo-l350f-wheel-loader/
31024-1,Roaring Power,2014,672,374,https://cdn.rebrickable.com/media/sets/31024-1/1835.jpg,https://rebrickable.com/sets/31024-1/roaring-power/
21117-1,The Ender Dragon,2014,577,634,https://cdn.rebrickable.com/media/sets/21117-1/13777.jpg,https://rebrickable.com/sets/21117-1/the-ender-dragon/
70164-1,Hurricane Heist,2014,303,589,https://cdn.rebrickable.com/media/sets/70164-1/11929.jpg,https://rebrickable.com/sets/70164-1/hurricane-heist/
76018-1,Hulk Lab Smash,2014,702,399,https://cdn.rebrickable.com/media/sets/76018-1/6801.jpg,https://rebrickable.com/sets/76018-1/hulk-lab-smash/
45120-1,LearnToLearn Core set,2014,507,2018,https://cdn.rebrickable.com/media/sets/45120-1/121565.jpg,https://rebrickable.com/sets/45120-1/learntolearn-core-set/
41058-1,Heartlake Shopping Mall,2014,494,1162,https://cdn.rebrickable.com/media/sets/41058-1/12922.jpg,https://rebrickable.com/sets/41058-1/heartlake-shopping-mall/
70134-1,Lavertus' Outland Base,2014,571,684,https://cdn.rebrickable.com/media/sets/70134-1/369.jpg,https://rebrickable.com/sets/70134-1/lavertus-outland-base/
60062-1,Arctic Icebreaker,2014,65,718,https://cdn.rebrickable.com/media/sets/60062-1/13432.jpg,https://rebrickable.com/sets/60062-1/arctic-icebreaker/
79117-1,Turtle Lair Invasion,2014,570,888,https://cdn.rebrickable.com/media/sets/79117-1/6732.jpg,https://rebrickable.com/sets/79117-1/turtle-lair-invasion/
75058-1,MTT,2014,158,954,https://cdn.rebrickable.com/media/sets/75058-1/15297.jpg,https://rebrickable.com/sets/75058-1/mtt/
79122-1,Shredder's Lair Rescue,2014,570,478,https://cdn.rebrickable.com/media/sets/79122-1/10810.jpg,https://rebrickable.com/sets/79122-1/shredders-lair-rescue/
21107-1,Micro World - The End,2014,577,440,https://cdn.rebrickable.com/media/sets/21107-1/13446.jpg,https://rebrickable.com/sets/21107-1/micro-world-the-end/
60035-1,Arctic Outpost,2014,65,374,https://cdn.rebrickable.com/media/sets/60035-1/417.jpg,https://rebrickable.com/sets/60035-1/arctic-outpost/
79115-1,Turtle Van Takedown,2014,570,368,https://cdn.rebrickable.com/media/sets/79115-1/40108.jpg,https://rebrickable.com/sets/79115-1/turtle-van-takedown/
76016-1,Spider-Helicopter Rescue,2014,706,300,https://cdn.rebrickable.com/media/sets/76016-1/13206.jpg,https://rebrickable.com/sets/76016-1/spider-helicopter-rescue/
70807-1,MetalBeard's Duel,2014,578,412,https://cdn.rebrickable.com/media/sets/70807-1/589.jpg,https://rebrickable.com/sets/70807-1/metalbeards-duel/
10681-1,Creative Building Cube,2014,35,600,https://cdn.rebrickable.com/media/sets/10681-1/7825.jpg,https://rebrickable.com/sets/10681-1/creative-building-cube/
21109-1,Exo-Suit,2014,576,321,https://cdn.rebrickable.com/media/sets/21109-1/13441.jpg,https://rebrickable.com/sets/21109-1/exo-suit/
60047-1,Police Station,2014,61,854,https://cdn.rebrickable.com/media/sets/60047-1/3836.jpg,https://rebrickable.com/sets/60047-1/police-station/
60049-1,Helicopter Transporter,2014,61,382,https://cdn.rebrickable.com/media/sets/60049-1/5092.jpg,https://rebrickable.com/sets/60049-1/helicopter-transporter/
4000014-3,The LEGOLAND Train (LEGOLAND Ambassador Pass Version),2014,425,546,https://cdn.rebrickable.com/media/sets/4000014-3/17390.jpg,https://rebrickable.com/sets/4000014-3/the-legoland-train-legoland-ambassador-pass-version/
70724-1,NinjaCopter,2014,435,516,https://cdn.rebrickable.com/media/sets/70724-1/11300.jpg,https://rebrickable.com/sets/70724-1/ninjacopter/
21116-1,Crafting Box,2014,577,518,https://cdn.rebrickable.com/media/sets/21116-1/11312.jpg,https://rebrickable.com/sets/21116-1/crafting-box/
21118-1,The Mine,2014,577,922,https://cdn.rebrickable.com/media/sets/21118-1/17474.jpg,https://rebrickable.com/sets/21118-1/the-mine/
42025-1,Cargo Plane,2014,1,1297,https://cdn.rebrickable.com/media/sets/42025-1/16169.jpg,https://rebrickable.com/sets/42025-1/cargo-plane/
70725-1,Nindroid MechDragon,2014,435,691,https://cdn.rebrickable.com/media/sets/70725-1/779.jpg,https://rebrickable.com/sets/70725-1/nindroid-mechdragon/
71006-1,The Simpsons House,2014,301,2547,https://cdn.rebrickable.com/media/sets/71006-1/16042.jpg,https://rebrickable.com/sets/71006-1/the-simpsons-house/
70133-1,Spinlyn's Cavern,2014,571,407,https://cdn.rebrickable.com/media/sets/70133-1/2489.jpg,https://rebrickable.com/sets/70133-1/spinlyns-cavern/
45800-1,FLL WORLD Class: Learning Unleashed Challenge Kit,2014,398,2098,https://cdn.rebrickable.com/media/sets/45800-1/8100.jpg,https://rebrickable.com/sets/45800-1/fll-world-class-learning-unleashed-challenge-kit/
75053-1,The Ghost,2014,158,929,https://cdn.rebrickable.com/media/sets/75053-1/2718.jpg,https://rebrickable.com/sets/75053-1/the-ghost/
42028-1,Bulldozer,2014,1,617,https://cdn.rebrickable.com/media/sets/42028-1/8135.jpg,https://rebrickable.com/sets/42028-1/bulldozer/
60061-1,Airport Fire Truck,2014,53,326,https://cdn.rebrickable.com/media/sets/60061-1/14765.jpg,https://rebrickable.com/sets/60061-1/airport-fire-truck/
75059-1,Sandcrawler,2014,171,3296,https://cdn.rebrickable.com/media/sets/75059-1/824.jpg,https://rebrickable.com/sets/75059-1/sandcrawler/
10241-1,Maersk Line Triple-E,2014,673,1518,https://cdn.rebrickable.com/media/sets/10241-1/13792.jpg,https://rebrickable.com/sets/10241-1/maersk-line-triple-e/
31025-1,Mountain Hut,2014,672,550,https://cdn.rebrickable.com/media/sets/31025-1/1401.jpg,https://rebrickable.com/sets/31025-1/mountain-hut/
41038-1,Jungle Rescue Base,2014,494,500,https://cdn.rebrickable.com/media/sets/41038-1/6851.jpg,https://rebrickable.com/sets/41038-1/jungle-rescue-base/
31023-1,Yellow Racers,2014,672,328,https://cdn.rebrickable.com/media/sets/31023-1/5634.jpg,https://rebrickable.com/sets/31023-1/yellow-racers/
70727-1,X-1 Ninja Charger,2014,435,426,https://cdn.rebrickable.com/media/sets/70727-1/9213.jpg,https://rebrickable.com/sets/70727-1/x-1-ninja-charger/
75051-1,Jedi Scout Fighter,2014,158,490,https://cdn.rebrickable.com/media/sets/75051-1/3070.jpg,https://rebrickable.com/sets/75051-1/jedi-scout-fighter/
10674-1,Pony Farm,2014,591,306,https://cdn.rebrickable.com/media/sets/10674-1/6434.jpg,https://rebrickable.com/sets/10674-1/pony-farm/
60064-1,Arctic Supply Plane,2014,65,374,https://cdn.rebrickable.com/media/sets/60064-1/2814.jpg,https://rebrickable.com/sets/60064-1/arctic-supply-plane/
31026-1,Bike Shop & Cafe,2014,672,1023,https://cdn.rebrickable.com/media/sets/31026-1/11404.jpg,https://rebrickable.com/sets/31026-1/bike-shop-cafe/
75043-1,AT-AP,2014,158,717,https://cdn.rebrickable.com/media/sets/75043-1/3078.jpg,https://rebrickable.com/sets/75043-1/at-ap/
79017-1,The Battle of the Five Armies,2014,562,472,https://cdn.rebrickable.com/media/sets/79017-1/7242.jpg,https://rebrickable.com/sets/79017-1/the-battle-of-the-five-armies/
75045-1,Republic AV-7 Anti-Vehicle Cannon,2014,158,434,https://cdn.rebrickable.com/media/sets/75045-1/16205.jpg,https://rebrickable.com/sets/75045-1/republic-av-7-anti-vehicle-cannon/
75052-1,Mos Eisley Cantina,2014,158,616,https://cdn.rebrickable.com/media/sets/75052-1/72546.jpg,https://rebrickable.com/sets/75052-1/mos-eisley-cantina/
60046-1,Helicopter Surveillance,2014,61,528,https://cdn.rebrickable.com/media/sets/60046-1/7304.jpg,https://rebrickable.com/sets/60046-1/helicopter-surveillance/
60060-1,Auto Transporter,2014,63,350,https://cdn.rebrickable.com/media/sets/60060-1/6355.jpg,https://rebrickable.com/sets/60060-1/auto-transporter/
75042-1,Droid Gunship,2014,158,439,https://cdn.rebrickable.com/media/sets/75042-1/167.jpg,https://rebrickable.com/sets/75042-1/droid-gunship/
60052-1,Cargo Train,2014,66,888,https://cdn.rebrickable.com/media/sets/60052-1/10913.jpg,https://rebrickable.com/sets/60052-1/cargo-train/
75054-1,AT-AT,2014,158,1138,https://cdn.rebrickable.com/media/sets/75054-1/5150.jpg,https://rebrickable.com/sets/75054-1/at-at/
76022-1,X-Men vs. The Sentinel,2014,707,337,https://cdn.rebrickable.com/media/sets/76022-1/7323.jpg,https://rebrickable.com/sets/76022-1/x-men-vs-the-sentinel/
76021-1,The Milano Spaceship Rescue,2014,704,667,https://cdn.rebrickable.com/media/sets/76021-1/3221.jpg,https://rebrickable.com/sets/76021-1/the-milano-spaceship-rescue/
70813-1,Rescue Reinforcements,2014,578,859,https://cdn.rebrickable.com/media/sets/70813-1/4844.jpg,https://rebrickable.com/sets/70813-1/rescue-reinforcements/
42029-1,Customized Pick up Truck,2014,1,1063,https://cdn.rebrickable.com/media/sets/42029-1/1890.jpg,https://rebrickable.com/sets/42029-1/customized-pick-up-truck/
60051-1,High-Speed Passenger Train,2014,66,606,https://cdn.rebrickable.com/media/sets/60051-1/11541.jpg,https://rebrickable.com/sets/60051-1/high-speed-passenger-train/
60044-1,Mobile Police Unit,2014,61,375,https://cdn.rebrickable.com/media/sets/60044-1/7388.jpg,https://rebrickable.com/sets/60044-1/mobile-police-unit/
70143-1,Sir Fangar's Sabre-Tooth Walker,2014,571,415,https://cdn.rebrickable.com/media/sets/70143-1/7691.jpg,https://rebrickable.com/sets/70143-1/sir-fangars-sabre-tooth-walker/
10242-1,MINI Cooper,2014,673,1077,https://cdn.rebrickable.com/media/sets/10242-1/15897.jpg,https://rebrickable.com/sets/10242-1/mini-cooper/
21115-1,The First Night,2014,577,408,https://cdn.rebrickable.com/media/sets/21115-1/7697.jpg,https://rebrickable.com/sets/21115-1/the-first-night/
70808-1,Super Cycle Chase,2014,578,514,https://cdn.rebrickable.com/media/sets/70808-1/3048.jpg,https://rebrickable.com/sets/70808-1/super-cycle-chase/
41039-1,Sunshine Ranch,2014,494,757,https://cdn.rebrickable.com/media/sets/41039-1/6589.jpg,https://rebrickable.com/sets/41039-1/sunshine-ranch/
70728-1,Battle for Ninjago City,2014,435,1224,https://cdn.rebrickable.com/media/sets/70728-1/2519.jpg,https://rebrickable.com/sets/70728-1/battle-for-ninjago-city/
60050-1,Train Station,2014,66,423,https://cdn.rebrickable.com/media/sets/60050-1/13224.jpg,https://rebrickable.com/sets/60050-1/train-station/
21020-1,Trevi Fountain,2014,252,731,https://cdn.rebrickable.com/media/sets/21020-1/13035.jpg,https://rebrickable.com/sets/21020-1/trevi-fountain/
10673-1,Race Car Rally,2014,591,350,https://cdn.rebrickable.com/media/sets/10673-1/1614.jpg,https://rebrickable.com/sets/10673-1/race-car-rally/
21108-1,Ghostbusters Ecto-1,2014,576,508,https://cdn.rebrickable.com/media/sets/21108-1/13726.jpg,https://rebrickable.com/sets/21108-1/ghostbusters-ecto-1/
75050-1,B-Wing,2014,158,448,https://cdn.rebrickable.com/media/sets/75050-1/7639.jpg,https://rebrickable.com/sets/75050-1/b-wing/
70145-1,Maula's Ice Mammoth Stomper,2014,571,604,https://cdn.rebrickable.com/media/sets/70145-1/5314.jpg,https://rebrickable.com/sets/70145-1/maulas-ice-mammoth-stomper/
41034-1,Summer Caravan,2014,494,313,https://cdn.rebrickable.com/media/sets/41034-1/9529.jpg,https://rebrickable.com/sets/41034-1/summer-caravan/
70009-1,Worriz's Combat Lair,2013,571,664,https://cdn.rebrickable.com/media/sets/70009-1/9668.jpg,https://rebrickable.com/sets/70009-1/worrizs-combat-lair/
60003-1,Fire Emergency,2013,58,301,https://cdn.rebrickable.com/media/sets/60003-1/12618.jpg,https://rebrickable.com/sets/60003-1/fire-emergency/
75024-1,HH-87 Starhopper,2013,158,362,https://cdn.rebrickable.com/media/sets/75024-1/9741.jpg,https://rebrickable.com/sets/75024-1/hh-87-starhopper/
70014-1,The Croc Swamp Hideout,2013,571,647,https://cdn.rebrickable.com/media/sets/70014-1/7462.jpg,https://rebrickable.com/sets/70014-1/the-croc-swamp-hideout/
75025-1,Jedi Defender-class Cruiser,2013,158,927,https://cdn.rebrickable.com/media/sets/75025-1/7578.jpg,https://rebrickable.com/sets/75025-1/jedi-defender-class-cruiser/
75017-1,Duel on Geonosis,2013,158,391,https://cdn.rebrickable.com/media/sets/75017-1/7157.jpg,https://rebrickable.com/sets/75017-1/duel-on-geonosis/
10236-1,Ewok Village,2013,171,1990,https://cdn.rebrickable.com/media/sets/10236-1/9304.jpg,https://rebrickable.com/sets/10236-1/ewok-village/
76005-1,Spider-Man: Daily Bugle Showdown,2013,706,477,https://cdn.rebrickable.com/media/sets/76005-1/6644.jpg,https://rebrickable.com/sets/76005-1/spider-man-daily-bugle-showdown/
70008-1,Gorzan's Gorilla Striker,2013,571,505,https://cdn.rebrickable.com/media/sets/70008-1/10478.jpg,https://rebrickable.com/sets/70008-1/gorzans-gorilla-striker/
10233-1,Horizon Express,2013,673,1351,https://cdn.rebrickable.com/media/sets/10233-1/17552.jpg,https://rebrickable.com/sets/10233-1/horizon-express/
70505-1,Temple of Light,2013,435,565,https://cdn.rebrickable.com/media/sets/70505-1/1054.jpg,https://rebrickable.com/sets/70505-1/temple-of-light/
60008-1,Museum Break-in,2013,61,563,https://cdn.rebrickable.com/media/sets/60008-1/5669.jpg,https://rebrickable.com/sets/60008-1/museum-break-in/
70010-1,The Lion CHI Temple,2013,571,1259,https://cdn.rebrickable.com/media/sets/70010-1/16774.jpg,https://rebrickable.com/sets/70010-1/the-lion-chi-temple/
45560-1,EV3 Expansion Set,2013,518,856,https://cdn.rebrickable.com/media/sets/45560-1/2497.jpg,https://rebrickable.com/sets/45560-1/ev3-expansion-set/
10662-1,Creative Bucket,2013,35,607,https://cdn.rebrickable.com/media/sets/10662-1/8907.jpg,https://rebrickable.com/sets/10662-1/creative-bucket/
79104-3,The Shellraiser Street Chase (Technic Base Version),2013,570,657,https://cdn.rebrickable.com/media/sets/79104-3/44349.jpg,https://rebrickable.com/sets/79104-3/the-shellraiser-street-chase-technic-base-version/
70005-1,Laval's Royal Fighter,2013,571,416,https://cdn.rebrickable.com/media/sets/70005-1/44810.jpg,https://rebrickable.com/sets/70005-1/lavals-royal-fighter/
41005-1,Heartlake High,2013,494,491,https://cdn.rebrickable.com/media/sets/41005-1/5373.jpg,https://rebrickable.com/sets/41005-1/heartlake-high/
31012-1,Family House,2013,672,756,https://cdn.rebrickable.com/media/sets/31012-1/5563.jpg,https://rebrickable.com/sets/31012-1/family-house/
4000008-1,Villy Thomsen Truck,2013,599,367,https://cdn.rebrickable.com/media/sets/4000008-1/16057.jpg,https://rebrickable.com/sets/4000008-1/villy-thomsen-truck/
76007-1,Iron Man: Malibu Mansion Attack,2013,705,365,https://cdn.rebrickable.com/media/sets/76007-1/16553.jpg,https://rebrickable.com/sets/76007-1/iron-man-malibu-mansion-attack/
21103-1,The DeLorean Time Machine,2013,576,401,https://cdn.rebrickable.com/media/sets/21103-1/13853.jpg,https://rebrickable.com/sets/21103-1/the-delorean-time-machine/
10240-1,Red Five X-Wing Starfighter,2013,171,1558,https://cdn.rebrickable.com/media/sets/10240-1/2869.jpg,https://rebrickable.com/sets/10240-1/red-five-x-wing-starfighter/
45100-1,StoryStarter Core Set,2013,507,1147,https://cdn.rebrickable.com/media/sets/45100-1/13153.jpg,https://rebrickable.com/sets/45100-1/storystarter-core-set/
10232-1,Palace Cinema,2013,155,2194,https://cdn.rebrickable.com/media/sets/10232-1/10987.jpg,https://rebrickable.com/sets/10232-1/palace-cinema/
41999-1,4 x 4 Crawler Exclusive Edition,2013,1,1584,https://cdn.rebrickable.com/media/sets/41999-1/16600.jpg,https://rebrickable.com/sets/41999-1/4-x-4-crawler-exclusive-edition/
2000431-1,Connections Kit,2013,510,2448,https://cdn.rebrickable.com/media/sets/2000431-1/42456.jpg,https://rebrickable.com/sets/2000431-1/connections-kit/
75013-1,Umbaran MHC (Mobile Heavy Cannon),2013,158,493,https://cdn.rebrickable.com/media/sets/75013-1/6493.jpg,https://rebrickable.com/sets/75013-1/umbaran-mhc-mobile-heavy-cannon/
70704-1,Vermin Vaporizer,2013,146,506,https://cdn.rebrickable.com/media/sets/70704-1/8102.jpg,https://rebrickable.com/sets/70704-1/vermin-vaporizer/
75014-1,Battle Of Hoth,2013,158,422,https://cdn.rebrickable.com/media/sets/75014-1/4730.jpg,https://rebrickable.com/sets/75014-1/battle-of-hoth/
21106-1,Micro World - The Nether,2013,577,470,https://cdn.rebrickable.com/media/sets/21106-1/13297.jpg,https://rebrickable.com/sets/21106-1/micro-world-the-nether/
10234-1,Sydney Opera House,2013,673,2989,https://cdn.rebrickable.com/media/sets/10234-1/15850.jpg,https://rebrickable.com/sets/10234-1/sydney-opera-house/
YODACHRON-1,Yoda Chronicles Promotional Set,2013,158,413,https://cdn.rebrickable.com/media/sets/yodachron-1/13640.jpg,https://rebrickable.com/sets/YODACHRON-1/yoda-chronicles-promotional-set/
70011-1,Eagles' Castle,2013,572,372,https://cdn.rebrickable.com/media/sets/70011-1/533.jpg,https://rebrickable.com/sets/70011-1/eagles-castle/
60014-1,Coast Guard Patrol,2013,55,450,https://cdn.rebrickable.com/media/sets/60014-1/11023.jpg,https://rebrickable.com/sets/60014-1/coast-guard-patrol/
31010-1,Treehouse,2013,672,356,https://cdn.rebrickable.com/media/sets/31010-1/8624.jpg,https://rebrickable.com/sets/31010-1/treehouse/
60021-1,Cargo Heliplane,2013,53,393,https://cdn.rebrickable.com/media/sets/60021-1/9096.jpg,https://rebrickable.com/sets/60021-1/cargo-heliplane/
60022-1,Cargo Terminal,2013,53,657,https://cdn.rebrickable.com/media/sets/60022-1/10608.jpg,https://rebrickable.com/sets/60022-1/cargo-terminal/
70709-1,Galactic Titan,2013,146,1012,https://cdn.rebrickable.com/media/sets/70709-1/16629.jpg,https://rebrickable.com/sets/70709-1/galactic-titan/
41008-1,Heartlake City Pool,2013,494,442,https://cdn.rebrickable.com/media/sets/41008-1/150.jpg,https://rebrickable.com/sets/41008-1/heartlake-city-pool/
60009-1,Helicopter Arrest,2013,61,352,https://cdn.rebrickable.com/media/sets/60009-1/4218.jpg,https://rebrickable.com/sets/60009-1/helicopter-arrest/
79104-1,The Shellraiser Street Chase,2013,570,620,https://cdn.rebrickable.com/media/sets/79104-1/15868.jpg,https://rebrickable.com/sets/79104-1/the-shellraiser-street-chase/
60025-1,Grand Prix Truck,2013,52,323,https://cdn.rebrickable.com/media/sets/60025-1/16893.jpg,https://rebrickable.com/sets/60025-1/grand-prix-truck/
70404-1,King's Castle,2013,186,1003,https://cdn.rebrickable.com/media/sets/70404-1/3697.jpg,https://rebrickable.com/sets/70404-1/kings-castle/
31011-1,Aviation Adventures,2013,672,620,https://cdn.rebrickable.com/media/sets/31011-1/15310.jpg,https://rebrickable.com/sets/31011-1/aviation-adventures/
42006-1,Excavator,2013,1,720,https://cdn.rebrickable.com/media/sets/42006-1/9069.jpg,https://rebrickable.com/sets/42006-1/excavator/
60020-1,Cargo Truck,2013,54,320,https://cdn.rebrickable.com/media/sets/60020-1/3338.jpg,https://rebrickable.com/sets/60020-1/cargo-truck/
50011-1,The Battle of Helm's Deep,2013,502,338,https://cdn.rebrickable.com/media/sets/50011-1/9537.jpg,https://rebrickable.com/sets/50011-1/the-battle-of-helms-deep/
42005-1,Monster Truck,2013,1,329,https://cdn.rebrickable.com/media/sets/42005-1/9119.jpg,https://rebrickable.com/sets/42005-1/monster-truck/
70006-1,Cragger's Command Ship,2013,571,610,https://cdn.rebrickable.com/media/sets/70006-1/6909.jpg,https://rebrickable.com/sets/70006-1/craggers-command-ship/
31313-1,Mindstorms EV3,2013,262,601,https://cdn.rebrickable.com/media/sets/31313-1/16607.jpg,https://rebrickable.com/sets/31313-1/mindstorms-ev3/
21050-1,Architecture Studio,2013,252,1211,https://cdn.rebrickable.com/media/sets/21050-1/17335.jpg,https://rebrickable.com/sets/21050-1/architecture-studio/
2000430-1,Identity and Landscape Kit,2013,510,2854,https://cdn.rebrickable.com/media/sets/2000430-1/44501.jpg,https://rebrickable.com/sets/2000430-1/identity-and-landscape-kit/
75018-1,JEK-14's Stealth Starfighter,2013,158,550,https://cdn.rebrickable.com/media/sets/75018-1/3497.jpg,https://rebrickable.com/sets/75018-1/jek-14s-stealth-starfighter/
75004-1,Z-95 Headhunter,2013,158,373,https://cdn.rebrickable.com/media/sets/75004-1/1378.jpg,https://rebrickable.com/sets/75004-1/z-95-headhunter/
50004-1,Story Mixer,2013,502,425,https://cdn.rebrickable.com/media/sets/50004-1/12027.jpg,https://rebrickable.com/sets/50004-1/story-mixer/
42000-1,Grand Prix Racer,2013,1,1141,https://cdn.rebrickable.com/media/sets/42000-1/6516.jpg,https://rebrickable.com/sets/42000-1/grand-prix-racer/
20215-1,Invention Designer (Kits 10 - 12),2013,432,678,https://cdn.rebrickable.com/media/sets/20215-1/339.jpg,https://rebrickable.com/sets/20215-1/invention-designer-kits-10-12/
4000013-1,A LEGO Christmas Tale,2013,599,435,https://cdn.rebrickable.com/media/sets/4000013-1/14006.jpg,https://rebrickable.com/sets/4000013-1/a-lego-christmas-tale/
70703-1,Star Slicer,2013,146,311,https://cdn.rebrickable.com/media/sets/70703-1/13841.jpg,https://rebrickable.com/sets/70703-1/star-slicer/
70702-1,Warp Stinger,2013,146,310,https://cdn.rebrickable.com/media/sets/70702-1/7632.jpg,https://rebrickable.com/sets/70702-1/warp-stinger/
2000423-1,FLL Trophy Large,2013,398,438,https://cdn.rebrickable.com/media/sets/2000423-1/129355.jpg,https://rebrickable.com/sets/2000423-1/fll-trophy-large/
79007-1,Battle at the Black Gate,2013,566,656,https://cdn.rebrickable.com/media/sets/79007-1/12394.jpg,https://rebrickable.com/sets/79007-1/battle-at-the-black-gate/
60027-1,Monster Truck Transporter,2013,52,307,https://cdn.rebrickable.com/media/sets/60027-1/2235.jpg,https://rebrickable.com/sets/60027-1/monster-truck-transporter/
79109-1,Colby City Showdown,2013,575,588,https://cdn.rebrickable.com/media/sets/79109-1/43395.jpg,https://rebrickable.com/sets/79109-1/colby-city-showdown/
41015-1,Dolphin Cruiser,2013,494,631,https://cdn.rebrickable.com/media/sets/41015-1/13592.jpg,https://rebrickable.com/sets/41015-1/dolphin-cruiser/
60004-1,Fire Station,2013,58,753,https://cdn.rebrickable.com/media/sets/60004-1/12657.jpg,https://rebrickable.com/sets/60004-1/fire-station/
60026-1,Town Square,2013,63,918,https://cdn.rebrickable.com/media/sets/60026-1/6090.jpg,https://rebrickable.com/sets/60026-1/town-square/
60031-1,City Corner,2013,63,486,https://cdn.rebrickable.com/media/sets/60031-1/6685.jpg,https://rebrickable.com/sets/60031-1/city-corner/
45544-1,EV3 Core Set,2013,518,547,https://cdn.rebrickable.com/media/sets/45544-1/8807.jpg,https://rebrickable.com/sets/45544-1/ev3-core-set/
79104-2,The Shellraiser Street Chase V2.0,2013,570,657,https://cdn.rebrickable.com/media/sets/79104-2/42381.jpg,https://rebrickable.com/sets/79104-2/the-shellraiser-street-chase-v20/
10237-1,The Tower of Orthanc,2013,566,2361,https://cdn.rebrickable.com/media/sets/10237-1/6587.jpg,https://rebrickable.com/sets/10237-1/the-tower-of-orthanc/
79110-1,Silver Mine Shootout,2013,575,644,https://cdn.rebrickable.com/media/sets/79110-1/42241.jpg,https://rebrickable.com/sets/79110-1/silver-mine-shootout/
21017-1,Imperial Hotel,2013,252,1188,https://cdn.rebrickable.com/media/sets/21017-1/15858.jpg,https://rebrickable.com/sets/21017-1/imperial-hotel/
9457-1,Fangpyre Wrecking Ball,2012,435,415,https://cdn.rebrickable.com/media/sets/9457-1/46876.jpg,https://rebrickable.com/sets/9457-1/fangpyre-wrecking-ball/
6864-1,Batmobile and the Two-Face Chase,2012,697,532,https://cdn.rebrickable.com/media/sets/6864-1/10679.jpg,https://rebrickable.com/sets/6864-1/batmobile-and-the-two-face-chase/
4209-1,Fire Plane,2012,58,522,https://cdn.rebrickable.com/media/sets/4209-1/2632.jpg,https://rebrickable.com/sets/4209-1/fire-plane/
10223-1,Kingdoms Joust,2012,196,1575,https://cdn.rebrickable.com/media/sets/10223-1/47385.jpg,https://rebrickable.com/sets/10223-1/kingdoms-joust/
9474-1,The Battle of Helm's Deep,2012,566,1367,https://cdn.rebrickable.com/media/sets/9474-1/13508.jpg,https://rebrickable.com/sets/9474-1/the-battle-of-helms-deep/
6868-1,Hulk's Helicarrier Breakout,2012,702,390,https://cdn.rebrickable.com/media/sets/6868-1/47066.jpg,https://rebrickable.com/sets/6868-1/hulks-helicarrier-breakout/
4441-1,Police Dog Van,2012,61,313,https://cdn.rebrickable.com/media/sets/4441-1/6484.jpg,https://rebrickable.com/sets/4441-1/police-dog-van/
9466-1,The Crazy Scientist & His Monster,2012,558,430,https://cdn.rebrickable.com/media/sets/9466-1/9479.jpg,https://rebrickable.com/sets/9466-1/the-crazy-scientist-his-monster/
4439-1,Heavy-Duty Helicopter,2012,61,393,https://cdn.rebrickable.com/media/sets/4439-1/6854.jpg,https://rebrickable.com/sets/4439-1/heavy-duty-helicopter/
9443-1,Rattlecopter,2012,435,327,https://cdn.rebrickable.com/media/sets/9443-1/46448.jpg,https://rebrickable.com/sets/9443-1/rattlecopter/
4000012-1,Piper Airplane,2012,599,619,https://cdn.rebrickable.com/media/sets/4000012-1/13981.jpg,https://rebrickable.com/sets/4000012-1/piper-airplane/
9445-1,Fangpyre Truck Ambush,2012,435,452,https://cdn.rebrickable.com/media/sets/9445-1/45159.jpg,https://rebrickable.com/sets/9445-1/fangpyre-truck-ambush/
9394-1,Jet Plane,2012,1,499,https://cdn.rebrickable.com/media/sets/9394-1/46328.jpg,https://rebrickable.com/sets/9394-1/jet-plane/
21101-1,Hayabusa,2012,576,369,https://cdn.rebrickable.com/media/sets/21101-1/8702.jpg,https://rebrickable.com/sets/21101-1/hayabusa/
9525-1,Pre Vizsla's Mandalorian Fighter,2012,158,403,https://cdn.rebrickable.com/media/sets/9525-1/5276.jpg,https://rebrickable.com/sets/9525-1/pre-vizslas-mandalorian-fighter/
6869-1,Quinjet Aerial Battle,2012,702,736,https://cdn.rebrickable.com/media/sets/6869-1/16552.jpg,https://rebrickable.com/sets/6869-1/quinjet-aerial-battle/
9467-1,The Ghost Train,2012,558,744,https://cdn.rebrickable.com/media/sets/9467-1/6659.jpg,https://rebrickable.com/sets/9467-1/the-ghost-train/
853373-1,Kingdoms Chess,2012,196,329,https://cdn.rebrickable.com/media/sets/853373-1/16710.jpg,https://rebrickable.com/sets/853373-1/kingdoms-chess/
9476-1,The Orc Forge,2012,566,363,https://cdn.rebrickable.com/media/sets/9476-1/15126.jpg,https://rebrickable.com/sets/9476-1/the-orc-forge/
9396-1,Helicopter,2012,1,1056,https://cdn.rebrickable.com/media/sets/9396-1/19183.jpg,https://rebrickable.com/sets/9396-1/helicopter/
4207-1,City Garage,2012,63,938,https://cdn.rebrickable.com/media/sets/4207-1/6756.jpg,https://rebrickable.com/sets/4207-1/city-garage/
9448-1,Samurai X Mech,2012,435,452,https://cdn.rebrickable.com/media/sets/9448-1/10595.jpg,https://rebrickable.com/sets/9448-1/samurai-x-mech/
7347-1,Highway Pickup,2012,672,805,https://cdn.rebrickable.com/media/sets/7347-1/47333.jpg,https://rebrickable.com/sets/7347-1/highway-pickup/
3188-1,Heartlake Vet,2012,494,371,https://cdn.rebrickable.com/media/sets/3188-1/6018.jpg,https://rebrickable.com/sets/3188-1/heartlake-vet/
9499-1,Gungan Sub,2012,158,466,https://cdn.rebrickable.com/media/sets/9499-1/852.jpg,https://rebrickable.com/sets/9499-1/gungan-sub/
9397-1,Logging Truck,2012,1,1308,https://cdn.rebrickable.com/media/sets/9397-1/45171.jpg,https://rebrickable.com/sets/9397-1/logging-truck/
79004-1,Barrel Escape,2012,562,334,https://cdn.rebrickable.com/media/sets/79004-1/14234.jpg,https://rebrickable.com/sets/79004-1/barrel-escape/
9389-1,Community Starter Set,2012,507,1907,https://cdn.rebrickable.com/media/sets/9389-1/2678.jpg,https://rebrickable.com/sets/9389-1/community-starter-set/
3315-1,Olivia's House,2012,494,727,https://cdn.rebrickable.com/media/sets/3315-1/12334.jpg,https://rebrickable.com/sets/3315-1/olivias-house/
9515-1,The Malevolence,2012,158,1101,https://cdn.rebrickable.com/media/sets/9515-1/47290.jpg,https://rebrickable.com/sets/9515-1/the-malevolence/
9493-1,X-wing Starfighter,2012,158,560,https://cdn.rebrickable.com/media/sets/9493-1/45044.jpg,https://rebrickable.com/sets/9493-1/x-wing-starfighter/
9472-1,Attack on Weathertop,2012,566,430,https://cdn.rebrickable.com/media/sets/9472-1/10483.jpg,https://rebrickable.com/sets/9472-1/attack-on-weathertop/
3184-1,Adventure Camper,2012,494,325,https://cdn.rebrickable.com/media/sets/3184-1/6648.jpg,https://rebrickable.com/sets/3184-1/adventure-camper/
9497-1,Republic Striker Starfighter,2012,158,376,https://cdn.rebrickable.com/media/sets/9497-1/46029.jpg,https://rebrickable.com/sets/9497-1/republic-striker-starfighter/
9398-1,4 x 4 Crawler,2012,1,1327,https://cdn.rebrickable.com/media/sets/9398-1/47262.jpg,https://rebrickable.com/sets/9398-1/4-x-4-crawler/
9446-1,Destiny's Bounty,2012,435,685,https://cdn.rebrickable.com/media/sets/9446-1/47013.jpg,https://rebrickable.com/sets/9446-1/destinys-bounty/
5887-1,Dino Defense HQ,2012,481,793,https://cdn.rebrickable.com/media/sets/5887-1/45037.jpg,https://rebrickable.com/sets/5887-1/dino-defense-hq/
9456-1,Spinner Battle Arena,2012,435,418,https://cdn.rebrickable.com/media/sets/9456-1/2709.jpg,https://rebrickable.com/sets/9456-1/spinner-battle-arena/
9486-1,Oil Rig Escape,2012,269,422,https://cdn.rebrickable.com/media/sets/9486-1/47053.jpg,https://rebrickable.com/sets/9486-1/oil-rig-escape/
79003-1,An Unexpected Gathering,2012,562,665,https://cdn.rebrickable.com/media/sets/79003-1/10359.jpg,https://rebrickable.com/sets/79003-1/an-unexpected-gathering/
9450-1,Epic Dragon Battle,2012,435,915,https://cdn.rebrickable.com/media/sets/9450-1/45181.jpg,https://rebrickable.com/sets/9450-1/epic-dragon-battle/
4438-1,Robbers' Hideout,2012,61,317,https://cdn.rebrickable.com/media/sets/4438-1/2790.jpg,https://rebrickable.com/sets/4438-1/robbers-hideout/
9449-1,Ultra Sonic Raider,2012,435,622,https://cdn.rebrickable.com/media/sets/9449-1/47043.jpg,https://rebrickable.com/sets/9449-1/ultra-sonic-raider/
9468-1,Vampyre Castle,2012,558,949,https://cdn.rebrickable.com/media/sets/9468-1/9908.jpg,https://rebrickable.com/sets/9468-1/vampyre-castle/
3818-1,Bikini Bottom Undersea Party,2012,272,471,https://cdn.rebrickable.com/media/sets/3818-1/5774.jpg,https://rebrickable.com/sets/3818-1/bikini-bottom-undersea-party/
10224-1,Town Hall,2012,155,2772,https://cdn.rebrickable.com/media/sets/10224-1/12177.jpg,https://rebrickable.com/sets/10224-1/town-hall/
10937-1,Batman: Arkham Asylum Breakout,2012,697,1621,https://cdn.rebrickable.com/media/sets/10937-1/2106.jpg,https://rebrickable.com/sets/10937-1/batman-arkham-asylum-breakout/
10228-1,Haunted House,2012,558,2064,https://cdn.rebrickable.com/media/sets/10228-1/17472.jpg,https://rebrickable.com/sets/10228-1/haunted-house/
3185-1,Summer Riding Camp,2012,494,1160,https://cdn.rebrickable.com/media/sets/3185-1/4666.jpg,https://rebrickable.com/sets/3185-1/summer-riding-camp/
6857-1,The Dynamic Duo Funhouse Escape,2012,697,381,https://cdn.rebrickable.com/media/sets/6857-1/45334.jpg,https://rebrickable.com/sets/6857-1/the-dynamic-duo-funhouse-escape/
9495-1,Gold Leader's Y-wing Starfighter,2012,158,458,https://cdn.rebrickable.com/media/sets/9495-1/3885.jpg,https://rebrickable.com/sets/9495-1/gold-leaders-y-wing-starfighter/
4628-1,Fun with Bricks,2012,35,600,https://cdn.rebrickable.com/media/sets/4628-1/2147.jpg,https://rebrickable.com/sets/4628-1/fun-with-bricks/
21013-1,Big Ben,2012,252,346,https://cdn.rebrickable.com/media/sets/21013-1/13705.jpg,https://rebrickable.com/sets/21013-1/big-ben/
7346-1,Seaside House,2012,672,415,https://cdn.rebrickable.com/media/sets/7346-1/46968.jpg,https://rebrickable.com/sets/7346-1/seaside-house/
4000005-1,KOM Moulding,2012,599,315,https://cdn.rebrickable.com/media/sets/4000005-1/13983.jpg,https://rebrickable.com/sets/4000005-1/kom-moulding/
4429-1,Helicopter Rescue,2012,60,425,https://cdn.rebrickable.com/media/sets/4429-1/5672.jpg,https://rebrickable.com/sets/4429-1/helicopter-rescue/
21102-1,Micro World,2012,576,479,https://cdn.rebrickable.com/media/sets/21102-1/622.jpg,https://rebrickable.com/sets/21102-1/micro-world/
5886-1,T-Rex Hunter,2012,481,476,https://cdn.rebrickable.com/media/sets/5886-1/46798.jpg,https://rebrickable.com/sets/5886-1/t-rex-hunter/
8069-1,Backhoe Loader,2011,1,609,https://cdn.rebrickable.com/media/sets/8069-1/49749.jpg,https://rebrickable.com/sets/8069-1/backhoe-loader/
5770-1,Lighthouse Island,2011,672,518,https://cdn.rebrickable.com/media/sets/5770-1/15945.jpg,https://rebrickable.com/sets/5770-1/lighthouse-island/
7931-1,Jedi T-6 Shuttle,2011,158,389,https://cdn.rebrickable.com/media/sets/7931-1/49541.jpg,https://rebrickable.com/sets/7931-1/jedi-t-6-shuttle/
7961-1,Darth Maul's Sith Infiltrator,2011,158,479,https://cdn.rebrickable.com/media/sets/7961-1/49528.jpg,https://rebrickable.com/sets/7961-1/darth-mauls-sith-infiltrator/
LLCA53-1,Han Solo on His Tauntaun,2011,158,338,https://cdn.rebrickable.com/media/sets/llca53-1/10703.jpg,https://rebrickable.com/sets/LLCA53-1/han-solo-on-his-tauntaun/
3677-1,Red Cargo Train,2011,66,827,https://cdn.rebrickable.com/media/sets/3677-1/53050.jpg,https://rebrickable.com/sets/3677-1/red-cargo-train/
4867-1,Hogwarts,2011,246,466,https://cdn.rebrickable.com/media/sets/4867-1/9449.jpg,https://rebrickable.com/sets/4867-1/hogwarts/
8071-1,Lift Truck,2011,1,593,https://cdn.rebrickable.com/media/sets/8071-1/47767.jpg,https://rebrickable.com/sets/8071-1/lift-truck/
8679-1,Tokyo International Circuit,2011,269,849,https://cdn.rebrickable.com/media/sets/8679-1/49448.jpg,https://rebrickable.com/sets/8679-1/tokyo-international-circuit/
7065-1,Alien Mothership,2011,127,416,https://cdn.rebrickable.com/media/sets/7065-1/86.jpg,https://rebrickable.com/sets/7065-1/alien-mothership/
7326-1,Rise of the Sphinx,2011,437,527,https://cdn.rebrickable.com/media/sets/7326-1/47965.jpg,https://rebrickable.com/sets/7326-1/rise-of-the-sphinx/
3661-1,Bank & Money Transfer,2011,61,409,https://cdn.rebrickable.com/media/sets/3661-1/12296.jpg,https://rebrickable.com/sets/3661-1/bank-money-transfer/
2506-1,Skull Truck,2011,435,515,https://cdn.rebrickable.com/media/sets/2506-1/8977.jpg,https://rebrickable.com/sets/2506-1/skull-truck/
21011-1,Brandenburg Gate,2011,252,363,https://cdn.rebrickable.com/media/sets/21011-1/15846.jpg,https://rebrickable.com/sets/21011-1/brandenburg-gate/
2504-1,Spinjitzu Dojo,2011,435,373,https://cdn.rebrickable.com/media/sets/2504-1/1663.jpg,https://rebrickable.com/sets/2504-1/spinjitzu-dojo/
2507-1,Fire Temple,2011,435,1174,https://cdn.rebrickable.com/media/sets/2507-1/10325.jpg,https://rebrickable.com/sets/2507-1/fire-temple/
21100-1,Shinkai 6500 Submarine,2011,576,413,https://cdn.rebrickable.com/media/sets/21100-1/7441.jpg,https://rebrickable.com/sets/21100-1/shinkai-6500-submarine/
9594-1,Green City Challenge Set,2011,518,1356,https://cdn.rebrickable.com/media/sets/9594-1/120906.jpg,https://rebrickable.com/sets/9594-1/green-city-challenge-set/
3860-1,Castle Fortaan,2011,502,312,https://cdn.rebrickable.com/media/sets/3860-1/12060.jpg,https://rebrickable.com/sets/3860-1/castle-fortaan/
3368-1,Rocket Launch Center,2011,52,499,https://cdn.rebrickable.com/media/sets/3368-1/11244.jpg,https://rebrickable.com/sets/3368-1/rocket-launch-center/
7965-1,Millennium Falcon,2011,158,1254,https://cdn.rebrickable.com/media/sets/7965-1/49753.jpg,https://rebrickable.com/sets/7965-1/millennium-falcon/
8110-1,Mercedes-Benz Unimog U400,2011,1,2048,https://cdn.rebrickable.com/media/sets/8110-1/7427.jpg,https://rebrickable.com/sets/8110-1/mercedes-benz-unimog-u400/
6053-1,My First LEGO Town,2011,35,709,https://cdn.rebrickable.com/media/sets/6053-1/47832.jpg,https://rebrickable.com/sets/6053-1/my-first-lego-town/
4645-1,Harbor,2011,59,552,https://cdn.rebrickable.com/media/sets/4645-1/11000.jpg,https://rebrickable.com/sets/4645-1/harbor/
7962-1,Anakin's and Sebulba's Podracers,2011,158,810,https://cdn.rebrickable.com/media/sets/7962-1/5259.jpg,https://rebrickable.com/sets/7962-1/anakins-and-sebulbas-podracers/
8638-1,Spy Jet Escape,2011,269,339,https://cdn.rebrickable.com/media/sets/8638-1/47824.jpg,https://rebrickable.com/sets/8638-1/spy-jet-escape/
10219-1,Maersk Container Train,2011,673,1233,https://cdn.rebrickable.com/media/sets/10219-1/5850.jpg,https://rebrickable.com/sets/10219-1/maersk-container-train/
10231-1,Shuttle Expedition,2011,673,1230,https://cdn.rebrickable.com/media/sets/10231-1/3547.jpg,https://rebrickable.com/sets/10231-1/shuttle-expedition/
7877-1,Naboo Starfighter,2011,158,318,https://cdn.rebrickable.com/media/sets/7877-1/49173.jpg,https://rebrickable.com/sets/7877-1/naboo-starfighter/
9337-1,Harbor Set,2011,533,907,https://cdn.rebrickable.com/media/sets/9337-1/124903.jpg,https://rebrickable.com/sets/9337-1/harbor-set/
2283-1,Witch Doctor,2011,403,336,https://cdn.rebrickable.com/media/sets/2283-1/1681.jpg,https://rebrickable.com/sets/2283-1/witch-doctor/
7985-1,City of Atlantis,2011,315,687,https://cdn.rebrickable.com/media/sets/7985-1/11927.jpg,https://rebrickable.com/sets/7985-1/city-of-atlantis/
4193-1,The London Escape,2011,263,468,https://cdn.rebrickable.com/media/sets/4193-1/5087.jpg,https://rebrickable.com/sets/4193-1/the-london-escape/
7498-1,Police Station,2011,61,786,https://cdn.rebrickable.com/media/sets/7498-1/16630.jpg,https://rebrickable.com/sets/7498-1/police-station/
4195-1,Queen Anne's Revenge,2011,263,1097,https://cdn.rebrickable.com/media/sets/4195-1/7561.jpg,https://rebrickable.com/sets/4195-1/queen-annes-revenge/
8109-1,Flatbed Truck,2011,1,1115,https://cdn.rebrickable.com/media/sets/8109-1/49386.jpg,https://rebrickable.com/sets/8109-1/flatbed-truck/
6131-1,Build and Play,2011,35,650,https://cdn.rebrickable.com/media/sets/6131-1/11204.jpg,https://rebrickable.com/sets/6131-1/build-and-play/
4184-1,Black Pearl,2011,263,805,https://cdn.rebrickable.com/media/sets/4184-1/9575.jpg,https://rebrickable.com/sets/4184-1/black-pearl/
8070-1,Supercar,2011,1,1281,https://cdn.rebrickable.com/media/sets/8070-1/49377.jpg,https://rebrickable.com/sets/8070-1/supercar/
7869-1,Battle for Geonosis,2011,158,335,https://cdn.rebrickable.com/media/sets/7869-1/49588.jpg,https://rebrickable.com/sets/7869-1/battle-for-geonosis/
8639-1,Big Bentley Bust Out,2011,269,744,https://cdn.rebrickable.com/media/sets/8639-1/47919.jpg,https://rebrickable.com/sets/8639-1/big-bentley-bust-out/
9585-1,WeDo Resource Set,2011,521,326,https://cdn.rebrickable.com/media/sets/9585-1/8222.jpg,https://rebrickable.com/sets/9585-1/wedo-resource-set/
2520-1,Battle Arena,2011,435,463,https://cdn.rebrickable.com/media/sets/2520-1/13722.jpg,https://rebrickable.com/sets/2520-1/battle-arena/
10222-1,Winter Village Post Office,2011,227,822,https://cdn.rebrickable.com/media/sets/10222-1/5349.jpg,https://rebrickable.com/sets/10222-1/winter-village-post-office/
5767-1,Cool Cruiser,2011,672,621,https://cdn.rebrickable.com/media/sets/5767-1/7745.jpg,https://rebrickable.com/sets/5767-1/cool-cruiser/
4194-1,Whitecap Bay,2011,263,751,https://cdn.rebrickable.com/media/sets/4194-1/4389.jpg,https://rebrickable.com/sets/4194-1/whitecap-bay/
7327-1,Scorpion Pyramid,2011,437,795,https://cdn.rebrickable.com/media/sets/7327-1/12888.jpg,https://rebrickable.com/sets/7327-1/scorpion-pyramid/
4000001-1,Moulding Machines,2011,599,795,https://cdn.rebrickable.com/media/sets/4000001-1/13982.jpg,https://rebrickable.com/sets/4000001-1/moulding-machines/
2000413-1,Connections Kit,2010,510,2045,https://cdn.rebrickable.com/media/sets/2000413-1/9922.jpg,https://rebrickable.com/sets/2000413-1/connections-kit/
8053-1,Mobile Crane,2010,1,1289,https://cdn.rebrickable.com/media/sets/8053-1/8279.jpg,https://rebrickable.com/sets/8053-1/mobile-crane/
7160-1,Drop Ship,2010,400,394,https://cdn.rebrickable.com/media/sets/7160-1/3853.jpg,https://rebrickable.com/sets/7160-1/drop-ship/
5508-1,Deluxe Brick Box,2010,35,704,https://cdn.rebrickable.com/media/sets/5508-1/10806.jpg,https://rebrickable.com/sets/5508-1/deluxe-brick-box/
7594-1,Woody's Roundup!,2010,275,502,https://cdn.rebrickable.com/media/sets/7594-1/14557.jpg,https://rebrickable.com/sets/7594-1/woodys-roundup/
8191-1,Lavatraz,2010,439,382,https://cdn.rebrickable.com/media/sets/8191-1/6563.jpg,https://rebrickable.com/sets/8191-1/lavatraz/
8098-1,Clone Turbo Tank,2010,158,1145,https://cdn.rebrickable.com/media/sets/8098-1/5970.jpg,https://rebrickable.com/sets/8098-1/clone-turbo-tank/
10213-1,Shuttle Adventure,2010,673,1204,https://cdn.rebrickable.com/media/sets/10213-1/11753.jpg,https://rebrickable.com/sets/10213-1/shuttle-adventure/
8080-1,Undersea Explorer,2010,315,364,https://cdn.rebrickable.com/media/sets/8080-1/3006.jpg,https://rebrickable.com/sets/8080-1/undersea-explorer/
2000415-1,Identity and Landscape Kit,2010,510,1536,https://cdn.rebrickable.com/media/sets/2000415-1/7391.jpg,https://rebrickable.com/sets/2000415-1/identity-and-landscape-kit/
2000409-1,Window Exploration Bag,2010,510,5200,https://cdn.rebrickable.com/media/sets/2000409-1/14381.jpg,https://rebrickable.com/sets/2000409-1/window-exploration-bag/
8863-1,Blizzard's Peak,2010,123,504,https://cdn.rebrickable.com/media/sets/8863-1/50949.jpg,https://rebrickable.com/sets/8863-1/blizzards-peak/
5529-2,Basic Bricks Limited Edition,2010,35,326,https://cdn.rebrickable.com/media/sets/5529-2/14372.jpg,https://rebrickable.com/sets/5529-2/basic-bricks-limited-edition/
8211-1,Brick Street Getaway,2010,112,552,https://cdn.rebrickable.com/media/sets/8211-1/56097.jpg,https://rebrickable.com/sets/8211-1/brick-street-getaway/
9695-1,Mindstorms Education Resource Set,2010,259,819,https://cdn.rebrickable.com/media/sets/9695-1/7856.jpg,https://rebrickable.com/sets/9695-1/mindstorms-education-resource-set/
8128-1,Cad Bane's Speeder,2010,158,318,https://cdn.rebrickable.com/media/sets/8128-1/173.jpg,https://rebrickable.com/sets/8128-1/cad-banes-speeder/
CELEBV-1,Fan Celebration V - CubeDude - The Bounty Hunter Edition,2010,158,497,https://cdn.rebrickable.com/media/sets/celebv-1/10956.jpg,https://rebrickable.com/sets/CELEBV-1/fan-celebration-v-cubedude-the-bounty-hunter-edition/
10215-1,Obi-Wan's Jedi Starfighter,2010,171,676,https://cdn.rebrickable.com/media/sets/10215-1/14369.jpg,https://rebrickable.com/sets/10215-1/obi-wans-jedi-starfighter/
9334-1,Animals,2010,507,1093,https://cdn.rebrickable.com/media/sets/9334-1/9854.jpg,https://rebrickable.com/sets/9334-1/animals/
9384-1,Bricks,2010,528,884,https://cdn.rebrickable.com/media/sets/9384-1/120054.jpg,https://rebrickable.com/sets/9384-1/bricks/
8087-1,TIE Defender,2010,158,304,https://cdn.rebrickable.com/media/sets/8087-1/444.jpg,https://rebrickable.com/sets/8087-1/tie-defender/
8864-1,Desert of Destruction,2010,123,966,https://cdn.rebrickable.com/media/sets/8864-1/51170.jpg,https://rebrickable.com/sets/8864-1/desert-of-destruction/
8095-1,General Grievous' Starfighter,2010,158,454,https://cdn.rebrickable.com/media/sets/8095-1/9121.jpg,https://rebrickable.com/sets/8095-1/general-grievous-starfighter/
3181-1,Passenger Plane,2010,53,309,https://cdn.rebrickable.com/media/sets/3181-1/50236.jpg,https://rebrickable.com/sets/3181-1/passenger-plane/
9311-1,City Buildings Set,2010,533,852,https://cdn.rebrickable.com/media/sets/9311-1/124897.jpg,https://rebrickable.com/sets/9311-1/city-buildings-set/
4841-1,Hogwarts Express,2010,246,647,https://cdn.rebrickable.com/media/sets/4841-1/16496.jpg,https://rebrickable.com/sets/4841-1/hogwarts-express/
8129-1,AT-AT Walker,2010,158,815,https://cdn.rebrickable.com/media/sets/8129-1/11328.jpg,https://rebrickable.com/sets/8129-1/at-at-walker/
7937-1,Train Station,2010,66,365,https://cdn.rebrickable.com/media/sets/7937-1/3204.jpg,https://rebrickable.com/sets/7937-1/train-station/
8041-1,Race Truck,2010,1,608,https://cdn.rebrickable.com/media/sets/8041-1/16357.jpg,https://rebrickable.com/sets/8041-1/race-truck/
3181-2,Passenger Plane - ANA Version,2010,53,310,https://cdn.rebrickable.com/media/sets/3181-2/16202.jpg,https://rebrickable.com/sets/3181-2/passenger-plane-ana-version/
7207-1,Fire Boat,2010,58,308,https://cdn.rebrickable.com/media/sets/7207-1/9001.jpg,https://rebrickable.com/sets/7207-1/fire-boat/
8088-1,ARC-170 Starfighter,2010,158,396,https://cdn.rebrickable.com/media/sets/8088-1/4025.jpg,https://rebrickable.com/sets/8088-1/arc-170-starfighter/
9333-1,Vehicles,2010,533,940,https://cdn.rebrickable.com/media/sets/9333-1/5190.jpg,https://rebrickable.com/sets/9333-1/vehicles/
21006-1,The White House,2010,252,561,https://cdn.rebrickable.com/media/sets/21006-1/17480.jpg,https://rebrickable.com/sets/21006-1/the-white-house/
8099-1,Midi-Scale Imperial Star Destroyer,2010,158,423,https://cdn.rebrickable.com/media/sets/8099-1/5518.jpg,https://rebrickable.com/sets/8099-1/midi-scale-imperial-star-destroyer/
10210-1,Imperial Flagship,2010,153,1668,https://cdn.rebrickable.com/media/sets/10210-1/4929.jpg,https://rebrickable.com/sets/10210-1/imperial-flagship/
4000000-1,Cars,2010,599,407,https://cdn.rebrickable.com/media/sets/4000000-1/13883.jpg,https://rebrickable.com/sets/4000000-1/cars/
5512-1,XXL Box,2010,35,1600,https://cdn.rebrickable.com/media/sets/5512-1/10941.jpg,https://rebrickable.com/sets/5512-1/xxl-box/
4840-1,The Burrow,2010,246,573,https://cdn.rebrickable.com/media/sets/4840-1/74695.jpg,https://rebrickable.com/sets/4840-1/the-burrow/
8043-1,Motorized Excavator,2010,1,1127,https://cdn.rebrickable.com/media/sets/8043-1/2842.jpg,https://rebrickable.com/sets/8043-1/motorized-excavator/
9385-1,Sceneries Set,2010,507,1231,https://cdn.rebrickable.com/media/sets/9385-1/3745.jpg,https://rebrickable.com/sets/9385-1/sceneries-set/
5891-1,Apple Tree House,2010,672,539,https://cdn.rebrickable.com/media/sets/5891-1/13030.jpg,https://rebrickable.com/sets/5891-1/apple-tree-house/
7597-1,Western Train Chase,2010,275,586,https://cdn.rebrickable.com/media/sets/7597-1/2168.jpg,https://rebrickable.com/sets/7597-1/western-train-chase/
7946-1,King's Castle,2010,196,933,https://cdn.rebrickable.com/media/sets/7946-1/17446.jpg,https://rebrickable.com/sets/7946-1/kings-castle/
8078-1,Portal of Atlantis,2010,315,1008,https://cdn.rebrickable.com/media/sets/8078-1/51119.jpg,https://rebrickable.com/sets/8078-1/portal-of-atlantis/
4738-1,Hagrid's Hut,2010,246,443,https://cdn.rebrickable.com/media/sets/4738-1/4220.jpg,https://rebrickable.com/sets/4738-1/hagrids-hut/
8048-1,Buggy,2010,1,314,https://cdn.rebrickable.com/media/sets/8048-1/4673.jpg,https://rebrickable.com/sets/8048-1/buggy/
5893-1,Offroad Power,2010,672,1061,https://cdn.rebrickable.com/media/sets/5893-1/509.jpg,https://rebrickable.com/sets/5893-1/offroad-power/
7573-1,Battle of Alamut,2010,271,821,https://cdn.rebrickable.com/media/sets/7573-1/13084.jpg,https://rebrickable.com/sets/7573-1/battle-of-alamut/
7938-1,Passenger Train,2010,66,669,https://cdn.rebrickable.com/media/sets/7938-1/12587.jpg,https://rebrickable.com/sets/7938-1/passenger-train/
SDCC2010-1,CubeDude - The Clone Wars Edition,2010,158,416,https://cdn.rebrickable.com/media/sets/sdcc2010-1/85747.jpg,https://rebrickable.com/sets/SDCC2010-1/cubedude-the-clone-wars-edition/
8052-1,Container Truck,2010,1,686,https://cdn.rebrickable.com/media/sets/8052-1/8367.jpg,https://rebrickable.com/sets/8052-1/container-truck/
5529-1,Basic Bricks,2010,35,326,https://cdn.rebrickable.com/media/sets/5529-1/2397.jpg,https://rebrickable.com/sets/5529-1/basic-bricks/
5984-1,Lunar Limo,2010,141,391,https://cdn.rebrickable.com/media/sets/5984-1/13328.jpg,https://rebrickable.com/sets/5984-1/lunar-limo/
8403-1,City House,2010,52,385,https://cdn.rebrickable.com/media/sets/8403-1/77577.jpg,https://rebrickable.com/sets/8403-1/city-house/
5868-1,Ferocious Creatures,2010,672,416,https://cdn.rebrickable.com/media/sets/5868-1/14574.jpg,https://rebrickable.com/sets/5868-1/ferocious-creatures/
8077-1,Atlantis Exploration HQ,2010,315,475,https://cdn.rebrickable.com/media/sets/8077-1/11764.jpg,https://rebrickable.com/sets/8077-1/atlantis-exploration-hq/
8097-1,Slave I,2010,158,563,https://cdn.rebrickable.com/media/sets/8097-1/14376.jpg,https://rebrickable.com/sets/8097-1/slave-i/
9335-1,Space & Airport Set,2010,533,1187,https://cdn.rebrickable.com/media/sets/9335-1/11863.jpg,https://rebrickable.com/sets/9335-1/space-airport-set/
7572-1,Quest Against Time,2010,271,506,https://cdn.rebrickable.com/media/sets/7572-1/9544.jpg,https://rebrickable.com/sets/7572-1/quest-against-time/
7596-1,Trash Compactor Escape,2010,275,373,https://cdn.rebrickable.com/media/sets/7596-1/7416.jpg,https://rebrickable.com/sets/7596-1/trash-compactor-escape/
9696-1,BODY FORWARD Challenge Kit,2010,398,1515,https://cdn.rebrickable.com/media/sets/9696-1/5716.jpg,https://rebrickable.com/sets/9696-1/body-forward-challenge-kit/
4586940-1,Basic Set Limited Edition,2010,35,480,https://cdn.rebrickable.com/media/sets/4586940-1/13104.jpg,https://rebrickable.com/sets/4586940-1/basic-set-limited-edition/
7947-1,Prison Tower Rescue,2010,196,365,https://cdn.rebrickable.com/media/sets/7947-1/4457.jpg,https://rebrickable.com/sets/7947-1/prison-tower-rescue/
7208-1,Fire Station,2010,58,664,https://cdn.rebrickable.com/media/sets/7208-1/5448.jpg,https://rebrickable.com/sets/7208-1/fire-station/
